	-- MySQL dump 10.13  Distrib 8.0.15, for Linux (x86_64)
--
-- Host: localhost    Database: spatialData
-- ------------------------------------------------------
-- Server version	8.0.15

/*!40101 SET @OLD_CHARACTER_SET_CLIENT=@@CHARACTER_SET_CLIENT */;
/*!40101 SET @OLD_CHARACTER_SET_RESULTS=@@CHARACTER_SET_RESULTS */;
/*!40101 SET @OLD_COLLATION_CONNECTION=@@COLLATION_CONNECTION */;
 SET NAMES utf8mb4 ;
/*!40103 SET @OLD_TIME_ZONE=@@TIME_ZONE */;
/*!40103 SET TIME_ZONE='+00:00' */;
/*!40014 SET @OLD_UNIQUE_CHECKS=@@UNIQUE_CHECKS, UNIQUE_CHECKS=0 */;
/*!40014 SET @OLD_FOREIGN_KEY_CHECKS=@@FOREIGN_KEY_CHECKS, FOREIGN_KEY_CHECKS=0 */;
/*!40101 SET @OLD_SQL_MODE=@@SQL_MODE, SQL_MODE='NO_AUTO_VALUE_ON_ZERO' */;
/*!40111 SET @OLD_SQL_NOTES=@@SQL_NOTES, SQL_NOTES=0 */;

--
-- Table structure for table `feature`
--

DROP TABLE IF EXISTS `feature`;
/*!40101 SET @saved_cs_client     = @@character_set_client */;
 SET character_set_client = utf8mb4 ;
CREATE TABLE `feature` (
  `id` varchar(100) NOT NULL,
  `type` varchar(40) DEFAULT NULL,
  `geometry_name` varchar(40) DEFAULT NULL,
  `geoId` int(11) DEFAULT NULL,
  `propertyId` int(11) DEFAULT NULL,
  PRIMARY KEY (`id`),
  KEY `geoId` (`geoId`),
  KEY `propertyId` (`propertyId`),
  CONSTRAINT `feature_ibfk_1` FOREIGN KEY (`geoId`) REFERENCES `geolocations` (`id`),
  CONSTRAINT `feature_ibfk_2` FOREIGN KEY (`propertyId`) REFERENCES `property` (`id`)
) ENGINE=InnoDB DEFAULT CHARSET=utf8mb4 COLLATE=utf8mb4_0900_ai_ci;
/*!40101 SET character_set_client = @saved_cs_client */;

--
-- Dumping data for table `feature`
--

LOCK TABLES `feature` WRITE;
/*!40000 ALTER TABLE `feature` DISABLE KEYS */;
INSERT INTO `feature` VALUES ('f_udsatte_byomraader.1','Feature','wkb_geometry',1,1),('f_udsatte_byomraader.10','Feature','wkb_geometry',10,9),('f_udsatte_byomraader.11','Feature','wkb_geometry',11,10),('f_udsatte_byomraader.12','Feature','wkb_geometry',12,11),('f_udsatte_byomraader.13','Feature','wkb_geometry',13,13),('f_udsatte_byomraader.14','Feature','wkb_geometry',14,14),('f_udsatte_byomraader.15','Feature','wkb_geometry',15,15),('f_udsatte_byomraader.16','Feature','wkb_geometry',16,16),('f_udsatte_byomraader.17','Feature','wkb_geometry',17,17),('f_udsatte_byomraader.2','Feature','wkb_geometry',2,2),('f_udsatte_byomraader.3','Feature','wkb_geometry',3,3),('f_udsatte_byomraader.4','Feature','wkb_geometry',4,4),('f_udsatte_byomraader.5','Feature','wkb_geometry',5,5),('f_udsatte_byomraader.6','Feature','wkb_geometry',6,6),('f_udsatte_byomraader.7','Feature','wkb_geometry',7,7),('f_udsatte_byomraader.8','Feature','wkb_geometry',8,8),('f_udsatte_byomraader.9','Feature','wkb_geometry',9,12);
/*!40000 ALTER TABLE `feature` ENABLE KEYS */;
UNLOCK TABLES;

--
-- Table structure for table `general_information`
--

DROP TABLE IF EXISTS `general_information`;
/*!40101 SET @saved_cs_client     = @@character_set_client */;
 SET character_set_client = utf8mb4 ;
CREATE TABLE `general_information` (
  `id` int(11) NOT NULL AUTO_INCREMENT,
  `type` varchar(100) DEFAULT NULL,
  `totalFeatures` int(11) DEFAULT NULL,
  `crsType` varchar(45) DEFAULT NULL,
  `crsPropertyName` varchar(500) DEFAULT NULL,
  PRIMARY KEY (`id`)
) ENGINE=InnoDB AUTO_INCREMENT=3 DEFAULT CHARSET=utf8mb4 COLLATE=utf8mb4_0900_ai_ci;
/*!40101 SET character_set_client = @saved_cs_client */;

--
-- Dumping data for table `general_information`
--

LOCK TABLES `general_information` WRITE;
/*!40000 ALTER TABLE `general_information` DISABLE KEYS */;
INSERT INTO `general_information` VALUES (1,'FeatureCollection',17,'name','urn:ogc:def:crs:EPSG::25832'),(2,'FeatureCollection',19905,'name','urn:ogc:def:crs:EPSG::25832');
/*!40000 ALTER TABLE `general_information` ENABLE KEYS */;
UNLOCK TABLES;

--
-- Table structure for table `geolocations`
--

DROP TABLE IF EXISTS `geolocations`;
/*!40101 SET @saved_cs_client     = @@character_set_client */;
 SET character_set_client = utf8mb4 ;
CREATE TABLE `geolocations` (
  `id` int(11) NOT NULL AUTO_INCREMENT,
  `propertyId` int(11) DEFAULT NULL,
  `type` varchar(40) DEFAULT NULL,
  `lattitude` double(40,2) DEFAULT NULL,
  `longitude` double(40,2) DEFAULT NULL,
  PRIMARY KEY (`id`),
  KEY `propertyId` (`propertyId`),
  CONSTRAINT `propertyId` FOREIGN KEY (`propertyId`) REFERENCES `property` (`id`)
) ENGINE=InnoDB AUTO_INCREMENT=2085 DEFAULT CHARSET=utf8mb4 COLLATE=utf8mb4_0900_ai_ci;
/*!40101 SET character_set_client = @saved_cs_client */;

--
-- Dumping data for table `geolocations`
--

LOCK TABLES `geolocations` WRITE;
/*!40000 ALTER TABLE `geolocations` DISABLE KEYS */;
INSERT INTO `geolocations` VALUES (1,1,'MultiPolygon',717206.01,6179973.82),(2,1,'MultiPolygon',717204.48,6179982.94),(3,1,'MultiPolygon',717205.81,6179992.10),(4,1,'MultiPolygon',717209.86,6180000.42),(5,1,'MultiPolygon',717216.26,6180007.10),(6,1,'MultiPolygon',717224.39,6180011.52),(7,1,'MultiPolygon',717255.60,6180022.66),(8,1,'MultiPolygon',717255.74,6180022.71),(9,1,'MultiPolygon',717269.08,6180027.40),(10,1,'MultiPolygon',717269.96,6180027.70),(11,1,'MultiPolygon',717346.81,6180052.08),(12,1,'MultiPolygon',717455.01,6180086.81),(13,1,'MultiPolygon',717465.15,6180090.79),(14,1,'MultiPolygon',717479.89,6180097.41),(15,1,'MultiPolygon',717499.25,6180107.11),(16,1,'MultiPolygon',717499.60,6180107.29),(17,1,'MultiPolygon',717515.00,6180114.76),(18,1,'MultiPolygon',717526.39,6180121.68),(19,1,'MultiPolygon',717546.34,6180133.86),(20,1,'MultiPolygon',717553.61,6180138.76),(21,1,'MultiPolygon',717568.29,6180149.35),(22,1,'MultiPolygon',717568.55,6180149.53),(23,1,'MultiPolygon',717583.95,6180160.39),(24,1,'MultiPolygon',717594.84,6180169.27),(25,1,'MultiPolygon',717612.63,6180185.47),(26,1,'MultiPolygon',717621.46,6180193.74),(27,1,'MultiPolygon',717647.42,6180221.02),(28,1,'MultiPolygon',717663.57,6180239.87),(29,1,'MultiPolygon',717674.61,6180254.36),(30,1,'MultiPolygon',717681.71,6180261.05),(31,1,'MultiPolygon',717690.58,6180265.11),(32,1,'MultiPolygon',717700.29,6180266.11),(33,1,'MultiPolygon',717709.80,6180263.95),(34,1,'MultiPolygon',717710.68,6180263.41),(35,1,'MultiPolygon',717734.41,6180264.48),(36,1,'MultiPolygon',717802.50,6180268.40),(37,1,'MultiPolygon',717802.61,6180268.40),(38,1,'MultiPolygon',717974.57,6180277.68),(39,1,'MultiPolygon',718098.47,6180284.64),(40,1,'MultiPolygon',718109.94,6180303.81),(41,1,'MultiPolygon',718110.30,6180304.40),(42,1,'MultiPolygon',718122.76,6180324.16),(43,1,'MultiPolygon',718123.24,6180324.91),(44,1,'MultiPolygon',718133.69,6180340.44),(45,1,'MultiPolygon',718136.48,6180343.98),(46,1,'MultiPolygon',718179.42,6180390.78),(47,1,'MultiPolygon',718182.23,6180393.47),(48,1,'MultiPolygon',718188.90,6180399.07),(49,1,'MultiPolygon',718200.04,6180409.33),(50,1,'MultiPolygon',718200.62,6180409.86),(51,1,'MultiPolygon',718215.55,6180422.92),(52,1,'MultiPolygon',718240.18,6180445.03),(53,1,'MultiPolygon',718240.28,6180445.12),(54,1,'MultiPolygon',718250.52,6180454.23),(55,1,'MultiPolygon',718254.76,6180457.38),(56,1,'MultiPolygon',718263.58,6180462.80),(57,1,'MultiPolygon',718266.65,6180465.81),(58,1,'MultiPolygon',718268.21,6180467.24),(59,1,'MultiPolygon',718279.46,6180476.82),(60,1,'MultiPolygon',718293.76,6180489.97),(61,1,'MultiPolygon',718295.83,6180491.71),(62,1,'MultiPolygon',718306.32,6180499.74),(63,1,'MultiPolygon',718309.86,6180502.07),(64,1,'MultiPolygon',718327.23,6180511.83),(65,1,'MultiPolygon',718332.51,6180518.12),(66,1,'MultiPolygon',718336.00,6180521.64),(67,1,'MultiPolygon',718342.99,6180527.61),(68,1,'MultiPolygon',718361.04,6180635.89),(69,1,'MultiPolygon',718364.81,6180646.23),(70,1,'MultiPolygon',718372.06,6180654.52),(71,1,'MultiPolygon',718566.05,6180807.38),(72,1,'MultiPolygon',718566.46,6180807.69),(73,1,'MultiPolygon',718692.37,6180903.49),(74,1,'MultiPolygon',718692.70,6180903.74),(75,1,'MultiPolygon',718784.88,6180971.91),(76,1,'MultiPolygon',718794.44,6180976.63),(77,1,'MultiPolygon',718805.06,6180977.70),(78,1,'MultiPolygon',718870.27,6180972.60),(79,1,'MultiPolygon',718967.17,6180969.13),(80,1,'MultiPolygon',718968.27,6180969.07),(81,1,'MultiPolygon',719079.86,6180960.97),(82,1,'MultiPolygon',719087.40,6180959.44),(83,1,'MultiPolygon',719094.30,6180956.03),(84,1,'MultiPolygon',719198.56,6180886.70),(85,1,'MultiPolygon',719201.60,6180884.38),(86,1,'MultiPolygon',719280.67,6180815.82),(87,1,'MultiPolygon',719318.22,6180783.64),(88,1,'MultiPolygon',719323.86,6180777.21),(89,1,'MultiPolygon',719327.45,6180769.46),(90,1,'MultiPolygon',719328.70,6180761.00),(91,1,'MultiPolygon',719329.03,6180691.64),(92,1,'MultiPolygon',719331.32,6180593.08),(93,1,'MultiPolygon',719331.33,6180592.27),(94,1,'MultiPolygon',719330.83,6180466.03),(95,1,'MultiPolygon',719333.65,6180304.95),(96,1,'MultiPolygon',719333.66,6180304.18),(97,1,'MultiPolygon',719332.58,6180171.00),(98,1,'MultiPolygon',719334.16,6180098.56),(99,1,'MultiPolygon',719333.03,6180089.72),(100,1,'MultiPolygon',719329.36,6180081.61),(101,1,'MultiPolygon',719323.46,6180074.93),(102,1,'MultiPolygon',719315.87,6180070.28),(103,1,'MultiPolygon',719307.24,6180068.06),(104,1,'MultiPolygon',719254.91,6180062.69),(105,1,'MultiPolygon',719251.89,6180062.53),(106,1,'MultiPolygon',719200.55,6180062.46),(107,1,'MultiPolygon',719199.31,6180062.48),(108,1,'MultiPolygon',719162.74,6180063.94),(109,1,'MultiPolygon',719152.80,6180063.54),(110,1,'MultiPolygon',719095.64,6179912.24),(111,1,'MultiPolygon',719065.72,6179830.97),(112,1,'MultiPolygon',719036.92,6179749.94),(113,1,'MultiPolygon',719026.70,6179719.64),(114,1,'MultiPolygon',719019.61,6179698.64),(115,1,'MultiPolygon',719005.77,6179657.62),(116,1,'MultiPolygon',719005.11,6179653.84),(117,1,'MultiPolygon',719003.61,6179645.18),(118,1,'MultiPolygon',719000.81,6179628.91),(119,1,'MultiPolygon',718998.17,6179613.58),(120,1,'MultiPolygon',718993.97,6179589.14),(121,1,'MultiPolygon',718989.30,6179562.04),(122,1,'MultiPolygon',718985.66,6179531.59),(123,1,'MultiPolygon',718982.83,6179497.30),(124,1,'MultiPolygon',718981.84,6179474.42),(125,1,'MultiPolygon',718980.52,6179419.70),(126,1,'MultiPolygon',718982.15,6179400.55),(127,1,'MultiPolygon',718985.73,6179366.99),(128,1,'MultiPolygon',718990.53,6179322.11),(129,1,'MultiPolygon',718995.78,6179291.68),(130,1,'MultiPolygon',718996.06,6179289.65),(131,1,'MultiPolygon',719002.89,6179223.06),(132,1,'MultiPolygon',719006.24,6179210.92),(133,1,'MultiPolygon',719012.24,6179189.56),(134,1,'MultiPolygon',719016.00,6179180.14),(135,1,'MultiPolygon',719017.51,6179175.15),(136,1,'MultiPolygon',719020.33,6179161.68),(137,1,'MultiPolygon',719020.89,6179153.55),(138,1,'MultiPolygon',719020.15,6179142.25),(139,1,'MultiPolygon',719019.70,6179138.73),(140,1,'MultiPolygon',719018.39,6179131.72),(141,1,'MultiPolygon',719018.08,6179130.26),(142,1,'MultiPolygon',719015.78,6179120.64),(143,1,'MultiPolygon',719010.91,6179110.03),(144,1,'MultiPolygon',719003.89,6179100.33),(145,1,'MultiPolygon',718992.95,6179081.26),(146,1,'MultiPolygon',718992.60,6179080.67),(147,1,'MultiPolygon',718973.31,6179048.77),(148,1,'MultiPolygon',718967.20,6179041.55),(149,1,'MultiPolygon',718959.16,6179036.59),(150,1,'MultiPolygon',718949.97,6179034.38),(151,1,'MultiPolygon',718940.55,6179035.14),(152,1,'MultiPolygon',718931.83,6179038.79),(153,1,'MultiPolygon',718811.17,6179113.58),(154,1,'MultiPolygon',718810.50,6179113.84),(155,1,'MultiPolygon',718779.98,6179131.36),(156,1,'MultiPolygon',718779.08,6179131.90),(157,1,'MultiPolygon',718757.65,6179145.22),(158,1,'MultiPolygon',718737.76,6179154.52),(159,1,'MultiPolygon',718735.99,6179155.42),(160,1,'MultiPolygon',718715.19,6179166.88),(161,1,'MultiPolygon',718714.66,6179167.18),(162,1,'MultiPolygon',718680.66,6179186.80),(163,1,'MultiPolygon',718649.58,6179203.47),(164,1,'MultiPolygon',718630.15,6179213.51),(165,1,'MultiPolygon',718630.07,6179213.55),(166,1,'MultiPolygon',718621.76,6179217.88),(167,1,'MultiPolygon',718618.17,6179213.57),(168,1,'MultiPolygon',718600.48,6179192.38),(169,1,'MultiPolygon',718597.50,6179189.28),(170,1,'MultiPolygon',718576.75,6179170.64),(171,1,'MultiPolygon',718549.27,6179145.15),(172,1,'MultiPolygon',718545.11,6179141.92),(173,1,'MultiPolygon',718521.87,6179126.96),(174,1,'MultiPolygon',718503.87,6179114.23),(175,1,'MultiPolygon',718497.06,6179110.62),(176,1,'MultiPolygon',718489.55,6179108.87),(177,1,'MultiPolygon',718485.70,6179108.48),(178,1,'MultiPolygon',718476.39,6179102.86),(179,1,'MultiPolygon',718472.31,6179100.80),(180,1,'MultiPolygon',718439.95,6179087.46),(181,1,'MultiPolygon',718359.57,6179048.16),(182,1,'MultiPolygon',718359.41,6179048.08),(183,1,'MultiPolygon',718261.55,6179000.94),(184,1,'MultiPolygon',718260.95,6179000.65),(185,1,'MultiPolygon',718165.58,6178957.28),(186,1,'MultiPolygon',718156.90,6178954.82),(187,1,'MultiPolygon',718147.88,6178955.05),(188,1,'MultiPolygon',718139.34,6178957.96),(189,1,'MultiPolygon',718132.05,6178963.28),(190,1,'MultiPolygon',718126.66,6178970.52),(191,1,'MultiPolygon',718123.68,6178979.04),(192,1,'MultiPolygon',718123.37,6178988.06),(193,1,'MultiPolygon',718127.17,6179020.74),(194,1,'MultiPolygon',718128.05,6179025.24),(195,1,'MultiPolygon',718149.38,6179102.58),(196,1,'MultiPolygon',718150.98,6179106.99),(197,1,'MultiPolygon',718163.09,6179133.72),(198,1,'MultiPolygon',718170.60,6179163.07),(199,1,'MultiPolygon',718171.64,6179166.33),(200,1,'MultiPolygon',718185.86,6179203.57),(201,1,'MultiPolygon',718192.26,6179223.31),(202,1,'MultiPolygon',718194.41,6179228.32),(203,1,'MultiPolygon',718201.69,6179241.78),(204,1,'MultiPolygon',718220.53,6179297.45),(205,1,'MultiPolygon',718191.03,6179312.52),(206,1,'MultiPolygon',718153.37,6179327.44),(207,1,'MultiPolygon',718146.61,6179331.18),(208,1,'MultiPolygon',718141.03,6179336.53),(209,1,'MultiPolygon',718127.09,6179353.86),(210,1,'MultiPolygon',718126.18,6179355.06),(211,1,'MultiPolygon',718113.62,6179372.39),(212,1,'MultiPolygon',718109.44,6179380.55),(213,1,'MultiPolygon',718107.92,6179389.59),(214,1,'MultiPolygon',718109.20,6179398.67),(215,1,'MultiPolygon',718113.16,6179406.94),(216,1,'MultiPolygon',718119.43,6179413.62),(217,1,'MultiPolygon',718148.56,6179436.40),(218,1,'MultiPolygon',718150.36,6179437.82),(219,1,'MultiPolygon',718127.31,6179447.37),(220,1,'MultiPolygon',718098.62,6179457.77),(221,1,'MultiPolygon',718097.67,6179458.13),(222,1,'MultiPolygon',718015.49,6179491.13),(223,1,'MultiPolygon',718015.20,6179491.25),(224,1,'MultiPolygon',717911.40,6179534.20),(225,1,'MultiPolygon',717911.08,6179534.34),(226,1,'MultiPolygon',717892.43,6179542.31),(227,1,'MultiPolygon',717871.80,6179550.42),(228,1,'MultiPolygon',717823.59,6179569.39),(229,1,'MultiPolygon',717817.83,6179572.41),(230,1,'MultiPolygon',717789.80,6179591.26),(231,1,'MultiPolygon',717719.03,6179631.70),(232,1,'MultiPolygon',717627.82,6179683.82),(233,1,'MultiPolygon',717627.53,6179683.99),(234,1,'MultiPolygon',717516.01,6179749.38),(235,1,'MultiPolygon',717471.93,6179774.65),(236,1,'MultiPolygon',717423.67,6179802.31),(237,1,'MultiPolygon',717423.13,6179802.63),(238,1,'MultiPolygon',717352.28,6179845.22),(239,1,'MultiPolygon',717352.05,6179845.36),(240,1,'MultiPolygon',717299.45,6179877.63),(241,1,'MultiPolygon',717232.53,6179917.26),(242,1,'MultiPolygon',717224.46,6179924.25),(243,1,'MultiPolygon',717219.35,6179933.62),(244,1,'MultiPolygon',717206.01,6179973.82),(245,2,'MultiPolygon',721993.08,6180576.08),(246,2,'MultiPolygon',721984.06,6180576.37),(247,2,'MultiPolygon',721975.54,6180579.33),(248,2,'MultiPolygon',721968.28,6180584.69),(249,2,'MultiPolygon',721962.94,6180591.96),(250,2,'MultiPolygon',721960.01,6180600.50),(251,2,'MultiPolygon',721959.75,6180609.52),(252,2,'MultiPolygon',721970.98,6180701.20),(253,2,'MultiPolygon',721980.09,6180775.52),(254,2,'MultiPolygon',721980.90,6180782.12),(255,2,'MultiPolygon',721977.69,6180798.53),(256,2,'MultiPolygon',721977.33,6180807.77),(257,2,'MultiPolygon',721983.17,6180857.94),(258,2,'MultiPolygon',721988.13,6180900.48),(259,2,'MultiPolygon',721990.62,6180909.43),(260,2,'MultiPolygon',721995.73,6180917.19),(261,2,'MultiPolygon',722002.97,6180923.01),(262,2,'MultiPolygon',722011.65,6180926.34),(263,2,'MultiPolygon',722020.92,6180926.85),(264,2,'MultiPolygon',722034.56,6180925.48),(265,2,'MultiPolygon',722034.80,6180925.46),(266,2,'MultiPolygon',722071.04,6180921.53),(267,2,'MultiPolygon',722117.46,6180920.24),(268,2,'MultiPolygon',722118.25,6180920.20),(269,2,'MultiPolygon',722132.56,6180919.43),(270,2,'MultiPolygon',722142.01,6180919.90),(271,2,'MultiPolygon',722142.14,6180919.91),(272,2,'MultiPolygon',722318.49,6180927.95),(273,2,'MultiPolygon',722328.49,6180926.72),(274,2,'MultiPolygon',722337.51,6180922.24),(275,2,'MultiPolygon',722344.54,6180915.04),(276,2,'MultiPolygon',722348.79,6180905.91),(277,2,'MultiPolygon',722358.93,6180868.90),(278,2,'MultiPolygon',722364.51,6180849.12),(279,2,'MultiPolygon',722374.29,6180816.02),(280,2,'MultiPolygon',722400.55,6180744.63),(281,2,'MultiPolygon',722421.84,6180694.56),(282,2,'MultiPolygon',722462.21,6180611.75),(283,2,'MultiPolygon',722479.08,6180580.32),(284,2,'MultiPolygon',722482.22,6180571.17),(285,2,'MultiPolygon',722482.28,6180561.50),(286,2,'MultiPolygon',722479.27,6180552.31),(287,2,'MultiPolygon',722473.49,6180544.56),(288,2,'MultiPolygon',722465.54,6180539.05),(289,2,'MultiPolygon',722413.80,6180514.41),(290,2,'MultiPolygon',722402.89,6180504.74),(291,2,'MultiPolygon',722389.00,6180489.23),(292,2,'MultiPolygon',722381.41,6180483.13),(293,2,'MultiPolygon',722372.27,6180479.78),(294,2,'MultiPolygon',722362.54,6180479.53),(295,2,'MultiPolygon',722353.24,6180482.41),(296,2,'MultiPolygon',722350.59,6180483.74),(297,2,'MultiPolygon',722346.04,6180486.55),(298,2,'MultiPolygon',722319.97,6180506.05),(299,2,'MultiPolygon',722292.36,6180524.07),(300,2,'MultiPolygon',722258.41,6180540.42),(301,2,'MultiPolygon',722236.27,6180551.04),(302,2,'MultiPolygon',722211.78,6180560.10),(303,2,'MultiPolygon',722174.58,6180570.77),(304,2,'MultiPolygon',722153.76,6180575.23),(305,2,'MultiPolygon',722126.82,6180579.44),(306,2,'MultiPolygon',722105.71,6180581.53),(307,2,'MultiPolygon',722075.08,6180582.30),(308,2,'MultiPolygon',722050.80,6180582.19),(309,2,'MultiPolygon',722035.09,6180581.11),(310,2,'MultiPolygon',722014.83,6180578.68),(311,2,'MultiPolygon',721993.08,6180576.08),(312,3,'MultiPolygon',723202.69,6180964.80),(313,3,'MultiPolygon',723201.17,6180974.03),(314,3,'MultiPolygon',723202.57,6180983.27),(315,3,'MultiPolygon',723206.75,6180991.64),(316,3,'MultiPolygon',723213.30,6180998.31),(317,3,'MultiPolygon',723221.58,6181002.64),(318,3,'MultiPolygon',723242.19,6181009.60),(319,3,'MultiPolygon',723251.45,6181011.17),(320,3,'MultiPolygon',723260.73,6181009.81),(321,3,'MultiPolygon',723269.14,6181005.64),(322,3,'MultiPolygon',723273.04,6181001.83),(323,3,'MultiPolygon',723391.28,6181000.37),(324,3,'MultiPolygon',723611.40,6180999.24),(325,3,'MultiPolygon',723617.99,6180999.20),(326,3,'MultiPolygon',723615.79,6181087.60),(327,3,'MultiPolygon',723615.79,6181089.13),(328,3,'MultiPolygon',723617.17,6181141.98),(329,3,'MultiPolygon',723617.22,6181143.13),(330,3,'MultiPolygon',723620.82,6181198.90),(331,3,'MultiPolygon',723620.87,6181199.55),(332,3,'MultiPolygon',723626.71,6181267.22),(333,3,'MultiPolygon',723626.81,6181268.16),(334,3,'MultiPolygon',723644.16,6181414.93),(335,3,'MultiPolygon',723644.17,6181415.02),(336,3,'MultiPolygon',723662.72,6181568.21),(337,3,'MultiPolygon',723665.36,6181577.38),(338,3,'MultiPolygon',723670.74,6181585.26),(339,3,'MultiPolygon',723678.33,6181591.05),(340,3,'MultiPolygon',723687.36,6181594.16),(341,3,'MultiPolygon',723696.90,6181594.28),(342,3,'MultiPolygon',723863.04,6181569.65),(343,3,'MultiPolygon',724017.75,6181549.77),(344,3,'MultiPolygon',724026.17,6181547.40),(345,3,'MultiPolygon',724033.54,6181542.71),(346,3,'MultiPolygon',724039.26,6181536.08),(347,3,'MultiPolygon',724042.81,6181528.09),(348,3,'MultiPolygon',724065.09,6181448.44),(349,3,'MultiPolygon',724065.37,6181447.36),(350,3,'MultiPolygon',724091.67,6181337.71),(351,3,'MultiPolygon',724091.74,6181337.43),(352,3,'MultiPolygon',724130.17,6181170.19),(353,3,'MultiPolygon',724130.74,6181166.88),(354,3,'MultiPolygon',724139.12,6181093.47),(355,3,'MultiPolygon',724139.31,6181090.44),(356,3,'MultiPolygon',724139.92,6181041.99),(357,3,'MultiPolygon',724139.61,6181037.27),(358,3,'MultiPolygon',724133.46,6180995.29),(359,3,'MultiPolygon',724131.93,6180989.25),(360,3,'MultiPolygon',724117.41,6180949.87),(361,3,'MultiPolygon',724116.97,6180948.76),(362,3,'MultiPolygon',724090.05,6180883.85),(363,3,'MultiPolygon',724072.35,6180838.15),(364,3,'MultiPolygon',724070.45,6180834.13),(365,3,'MultiPolygon',723968.02,6180654.28),(366,3,'MultiPolygon',723967.65,6180653.66),(367,3,'MultiPolygon',723918.96,6180572.77),(368,3,'MultiPolygon',723884.26,6180509.77),(369,3,'MultiPolygon',723882.84,6180507.45),(370,3,'MultiPolygon',723831.25,6180431.06),(371,3,'MultiPolygon',723827.30,6180418.28),(372,3,'MultiPolygon',723827.47,6180405.71),(373,3,'MultiPolygon',723831.17,6180390.26),(374,3,'MultiPolygon',723837.01,6180383.81),(375,3,'MultiPolygon',723845.03,6180382.15),(376,3,'MultiPolygon',723881.49,6180383.53),(377,3,'MultiPolygon',723915.95,6180388.67),(378,3,'MultiPolygon',723918.31,6180388.93),(379,3,'MultiPolygon',723974.49,6180392.80),(380,3,'MultiPolygon',723977.02,6180392.87),(381,3,'MultiPolygon',724026.77,6180392.07),(382,3,'MultiPolygon',724109.03,6180392.65),(383,3,'MultiPolygon',724234.28,6180394.63),(384,3,'MultiPolygon',724236.83,6180394.57),(385,3,'MultiPolygon',724273.83,6180392.00),(386,3,'MultiPolygon',724343.07,6180393.87),(387,3,'MultiPolygon',724343.88,6180393.88),(388,3,'MultiPolygon',724390.96,6180393.87),(389,3,'MultiPolygon',724390.99,6180393.87),(390,3,'MultiPolygon',724434.71,6180393.81),(391,3,'MultiPolygon',724435.14,6180393.80),(392,3,'MultiPolygon',724471.04,6180393.24),(393,3,'MultiPolygon',724477.88,6180392.34),(394,3,'MultiPolygon',724500.93,6180386.54),(395,3,'MultiPolygon',724504.63,6180385.35),(396,3,'MultiPolygon',724531.86,6180374.61),(397,3,'MultiPolygon',724556.19,6180367.21),(398,3,'MultiPolygon',724558.74,6180366.30),(399,3,'MultiPolygon',724582.12,6180356.82),(400,3,'MultiPolygon',724582.82,6180356.52),(401,3,'MultiPolygon',724607.45,6180345.80),(402,3,'MultiPolygon',724608.13,6180345.49),(403,3,'MultiPolygon',724635.32,6180332.83),(404,3,'MultiPolygon',724657.71,6180323.81),(405,3,'MultiPolygon',724690.90,6180311.46),(406,3,'MultiPolygon',724698.29,6180307.45),(407,3,'MultiPolygon',724704.28,6180301.55),(408,3,'MultiPolygon',724708.40,6180294.22),(409,3,'MultiPolygon',724710.32,6180286.04),(410,3,'MultiPolygon',724714.14,6180243.57),(411,3,'MultiPolygon',724713.66,6180234.87),(412,3,'MultiPolygon',724710.70,6180226.68),(413,3,'MultiPolygon',724705.51,6180219.69),(414,3,'MultiPolygon',724698.53,6180214.48),(415,3,'MultiPolygon',724690.35,6180211.50),(416,3,'MultiPolygon',724681.66,6180210.99),(417,3,'MultiPolygon',724669.70,6180212.03),(418,3,'MultiPolygon',724659.40,6180214.84),(419,3,'MultiPolygon',724618.28,6180234.44),(420,3,'MultiPolygon',724483.59,6180205.82),(421,3,'MultiPolygon',724483.43,6180205.79),(422,3,'MultiPolygon',724434.18,6180195.60),(423,3,'MultiPolygon',724387.68,6180185.97),(424,3,'MultiPolygon',724351.48,6180168.41),(425,3,'MultiPolygon',724321.24,6180152.83),(426,3,'MultiPolygon',724297.93,6180140.82),(427,3,'MultiPolygon',724253.53,6180116.43),(428,3,'MultiPolygon',724229.52,6180103.15),(429,3,'MultiPolygon',724217.56,6180093.00),(430,3,'MultiPolygon',724190.27,6180061.34),(431,3,'MultiPolygon',724163.46,6180027.43),(432,3,'MultiPolygon',724158.18,6180022.23),(433,3,'MultiPolygon',724151.78,6180018.48),(434,3,'MultiPolygon',724111.73,6180001.25),(435,3,'MultiPolygon',724083.98,6179988.19),(436,3,'MultiPolygon',724044.49,6179968.54),(437,3,'MultiPolygon',724014.82,6179953.78),(438,3,'MultiPolygon',723988.41,6179940.64),(439,3,'MultiPolygon',723986.86,6179939.92),(440,3,'MultiPolygon',723916.64,6179909.83),(441,3,'MultiPolygon',723916.47,6179909.76),(442,3,'MultiPolygon',723859.41,6179885.72),(443,3,'MultiPolygon',723859.34,6179885.69),(444,3,'MultiPolygon',723835.81,6179875.84),(445,3,'MultiPolygon',723835.36,6179875.66),(446,3,'MultiPolygon',723782.31,6179854.48),(447,3,'MultiPolygon',723698.53,6179821.02),(448,3,'MultiPolygon',723693.17,6179819.44),(449,3,'MultiPolygon',723645.75,6179810.15),(450,3,'MultiPolygon',723619.37,6179804.99),(451,3,'MultiPolygon',723610.51,6179804.59),(452,3,'MultiPolygon',723601.92,6179806.79),(453,3,'MultiPolygon',723594.36,6179811.41),(454,3,'MultiPolygon',723588.47,6179818.04),(455,3,'MultiPolygon',723584.78,6179826.10),(456,3,'MultiPolygon',723575.54,6179858.10),(457,3,'MultiPolygon',723568.69,6179880.78),(458,3,'MultiPolygon',723550.72,6179930.25),(459,3,'MultiPolygon',723523.31,6180005.67),(460,3,'MultiPolygon',723523.14,6180006.14),(461,3,'MultiPolygon',723490.02,6180102.33),(462,3,'MultiPolygon',723489.98,6180102.45),(463,3,'MultiPolygon',723452.96,6180211.50),(464,3,'MultiPolygon',723452.92,6180211.60),(465,3,'MultiPolygon',723428.87,6180283.29),(466,3,'MultiPolygon',723406.95,6180347.08),(467,3,'MultiPolygon',723406.89,6180347.24),(468,3,'MultiPolygon',723381.69,6180421.97),(469,3,'MultiPolygon',723361.04,6180483.21),(470,3,'MultiPolygon',723360.97,6180483.43),(471,3,'MultiPolygon',723338.11,6180552.97),(472,3,'MultiPolygon',723326.56,6180588.16),(473,3,'MultiPolygon',723281.23,6180726.30),(474,3,'MultiPolygon',723240.54,6180850.28),(475,3,'MultiPolygon',723202.69,6180964.80),(476,4,'MultiPolygon',721713.52,6179704.08),(477,4,'MultiPolygon',721784.25,6179719.83),(478,4,'MultiPolygon',721784.94,6179719.98),(479,4,'MultiPolygon',721837.01,6179730.30),(480,4,'MultiPolygon',721831.91,6179770.58),(481,4,'MultiPolygon',721825.31,6179807.03),(482,4,'MultiPolygon',721819.17,6179837.24),(483,4,'MultiPolygon',721810.35,6179876.43),(484,4,'MultiPolygon',721793.35,6179952.03),(485,4,'MultiPolygon',721775.84,6180029.87),(486,4,'MultiPolygon',721775.74,6180030.31),(487,4,'MultiPolygon',721764.56,6180083.75),(488,4,'MultiPolygon',721764.06,6180087.03),(489,4,'MultiPolygon',721759.90,6180130.34),(490,4,'MultiPolygon',721757.35,6180156.90),(491,4,'MultiPolygon',721758.02,6180166.68),(492,4,'MultiPolygon',721761.80,6180175.72),(493,4,'MultiPolygon',721768.30,6180183.06),(494,4,'MultiPolygon',721776.82,6180187.91),(495,4,'MultiPolygon',721786.44,6180189.76),(496,4,'MultiPolygon',721796.15,6180188.41),(497,4,'MultiPolygon',721804.90,6180184.00),(498,4,'MultiPolygon',721855.92,6180146.74),(499,4,'MultiPolygon',721856.93,6180145.97),(500,4,'MultiPolygon',721881.63,6180126.29),(501,4,'MultiPolygon',721882.66,6180125.43),(502,4,'MultiPolygon',721903.53,6180107.20),(503,4,'MultiPolygon',721904.45,6180106.36),(504,4,'MultiPolygon',721924.55,6180087.28),(505,4,'MultiPolygon',721925.49,6180086.35),(506,4,'MultiPolygon',721946.90,6180064.14),(507,4,'MultiPolygon',721947.94,6180063.01),(508,4,'MultiPolygon',721973.15,6180034.01),(509,4,'MultiPolygon',721974.39,6180032.49),(510,4,'MultiPolygon',722003.74,6179993.90),(511,4,'MultiPolygon',722004.74,6179992.51),(512,4,'MultiPolygon',722020.23,6179969.53),(513,4,'MultiPolygon',722021.20,6179967.99),(514,4,'MultiPolygon',722034.40,6179945.59),(515,4,'MultiPolygon',722034.46,6179945.50),(516,4,'MultiPolygon',722042.20,6179932.26),(517,4,'MultiPolygon',722063.98,6179894.99),(518,4,'MultiPolygon',722100.28,6179833.47),(519,4,'MultiPolygon',722100.84,6179832.48),(520,4,'MultiPolygon',722127.97,6179782.25),(521,4,'MultiPolygon',722150.80,6179741.67),(522,4,'MultiPolygon',722182.86,6179684.85),(523,4,'MultiPolygon',722238.04,6179588.96),(524,4,'MultiPolygon',722280.93,6179514.44),(525,4,'MultiPolygon',722321.57,6179443.83),(526,4,'MultiPolygon',722368.78,6179361.79),(527,4,'MultiPolygon',722398.54,6179310.37),(528,4,'MultiPolygon',722438.11,6179250.27),(529,4,'MultiPolygon',722468.67,6179211.58),(530,4,'MultiPolygon',722499.23,6179175.93),(531,4,'MultiPolygon',722525.70,6179147.20),(532,4,'MultiPolygon',722542.95,6179129.43),(533,4,'MultiPolygon',722548.82,6179120.77),(534,4,'MultiPolygon',722551.35,6179110.64),(535,4,'MultiPolygon',722550.26,6179100.24),(536,4,'MultiPolygon',722545.67,6179090.85),(537,4,'MultiPolygon',722535.87,6179077.42),(538,4,'MultiPolygon',722470.47,6178975.47),(539,4,'MultiPolygon',722453.84,6178945.20),(540,4,'MultiPolygon',722411.12,6178855.39),(541,4,'MultiPolygon',722389.37,6178801.73),(542,4,'MultiPolygon',722373.10,6178752.10),(543,4,'MultiPolygon',722360.56,6178709.32),(544,4,'MultiPolygon',722353.72,6178682.97),(545,4,'MultiPolygon',722345.66,6178647.92),(546,4,'MultiPolygon',722339.72,6178618.26),(547,4,'MultiPolygon',722339.53,6178617.39),(548,4,'MultiPolygon',722333.02,6178589.23),(549,4,'MultiPolygon',722322.03,6178541.70),(550,4,'MultiPolygon',722312.90,6178502.16),(551,4,'MultiPolygon',722307.60,6178476.31),(552,4,'MultiPolygon',722308.96,6178466.29),(553,4,'MultiPolygon',722309.06,6178465.47),(554,4,'MultiPolygon',722310.94,6178448.17),(555,4,'MultiPolygon',722311.01,6178447.34),(556,4,'MultiPolygon',722312.23,6178432.16),(557,4,'MultiPolygon',722312.29,6178431.34),(558,4,'MultiPolygon',722313.20,6178413.96),(559,4,'MultiPolygon',722313.23,6178412.99),(560,4,'MultiPolygon',722313.56,6178396.88),(561,4,'MultiPolygon',722313.57,6178396.36),(562,4,'MultiPolygon',722313.61,6178382.03),(563,4,'MultiPolygon',722313.59,6178380.92),(564,4,'MultiPolygon',722312.79,6178357.43),(565,4,'MultiPolygon',722312.74,6178356.46),(566,4,'MultiPolygon',722311.71,6178340.85),(567,4,'MultiPolygon',722311.42,6178338.25),(568,4,'MultiPolygon',722305.45,6178299.66),(569,4,'MultiPolygon',722305.25,6178298.52),(570,4,'MultiPolygon',722297.25,6178257.46),(571,4,'MultiPolygon',722297.06,6178256.57),(572,4,'MultiPolygon',722288.56,6178219.01),(573,4,'MultiPolygon',722288.40,6178218.35),(574,4,'MultiPolygon',722283.71,6178199.64),(575,4,'MultiPolygon',722283.54,6178198.99),(576,4,'MultiPolygon',722273.33,6178161.81),(577,4,'MultiPolygon',722273.17,6178161.24),(578,4,'MultiPolygon',722269.52,6178148.91),(579,4,'MultiPolygon',722269.43,6178148.62),(580,4,'MultiPolygon',722265.66,6178136.33),(581,4,'MultiPolygon',722265.50,6178135.83),(582,4,'MultiPolygon',722261.52,6178123.63),(583,4,'MultiPolygon',722261.26,6178122.86),(584,4,'MultiPolygon',722258.69,6178115.66),(585,4,'MultiPolygon',722256.96,6178111.73),(586,4,'MultiPolygon',722241.69,6178082.81),(587,4,'MultiPolygon',722236.63,6178075.86),(588,4,'MultiPolygon',722224.86,6178063.80),(589,4,'MultiPolygon',722224.09,6178063.03),(590,4,'MultiPolygon',722215.81,6178055.14),(591,4,'MultiPolygon',722209.14,6178050.34),(592,4,'MultiPolygon',722201.42,6178047.53),(593,4,'MultiPolygon',722117.43,6178029.47),(594,4,'MultiPolygon',722045.51,6178014.04),(595,4,'MultiPolygon',721993.53,6178002.89),(596,4,'MultiPolygon',721998.65,6177984.40),(597,4,'MultiPolygon',721999.73,6177975.33),(598,4,'MultiPolygon',721998.02,6177966.36),(599,4,'MultiPolygon',721993.69,6177958.32),(600,4,'MultiPolygon',721987.15,6177951.95),(601,4,'MultiPolygon',721978.99,6177947.84),(602,4,'MultiPolygon',721969.97,6177946.39),(603,4,'MultiPolygon',721887.04,6177945.76),(604,4,'MultiPolygon',721842.48,6177860.67),(605,4,'MultiPolygon',721837.65,6177853.91),(606,4,'MultiPolygon',721831.14,6177848.73),(607,4,'MultiPolygon',721823.46,6177845.55),(608,4,'MultiPolygon',721688.97,6177810.56),(609,4,'MultiPolygon',721678.88,6177809.70),(610,4,'MultiPolygon',721669.09,6177812.25),(611,4,'MultiPolygon',721660.69,6177817.90),(612,4,'MultiPolygon',721637.67,6177839.90),(613,4,'MultiPolygon',721598.13,6177877.67),(614,4,'MultiPolygon',721591.76,6177883.75),(615,4,'MultiPolygon',721589.37,6177886.32),(616,4,'MultiPolygon',721565.70,6177914.92),(617,4,'MultiPolygon',721565.57,6177915.08),(618,4,'MultiPolygon',721508.11,6177985.46),(619,4,'MultiPolygon',721507.97,6177985.64),(620,4,'MultiPolygon',721469.19,6178033.87),(621,4,'MultiPolygon',721431.67,6178080.60),(622,4,'MultiPolygon',721396.14,6178124.84),(623,4,'MultiPolygon',721317.05,6178223.32),(624,4,'MultiPolygon',721316.94,6178223.47),(625,4,'MultiPolygon',721282.48,6178266.94),(626,4,'MultiPolygon',721282.44,6178266.99),(627,4,'MultiPolygon',721254.27,6178302.69),(628,4,'MultiPolygon',721253.38,6178303.87),(629,4,'MultiPolygon',721196.42,6178383.82),(630,4,'MultiPolygon',721196.32,6178383.96),(631,4,'MultiPolygon',721137.64,6178467.33),(632,4,'MultiPolygon',721137.42,6178467.65),(633,4,'MultiPolygon',721110.24,6178507.34),(634,4,'MultiPolygon',721109.03,6178509.26),(635,4,'MultiPolygon',721081.06,6178557.59),(636,4,'MultiPolygon',721059.47,6178594.97),(637,4,'MultiPolygon',721029.87,6178646.20),(638,4,'MultiPolygon',721000.97,6178696.23),(639,4,'MultiPolygon',720998.93,6178700.49),(640,4,'MultiPolygon',720976.84,6178758.07),(641,4,'MultiPolygon',720976.76,6178758.29),(642,4,'MultiPolygon',720971.41,6178772.58),(643,4,'MultiPolygon',720948.28,6178834.35),(644,4,'MultiPolygon',720921.57,6178905.69),(645,4,'MultiPolygon',720895.92,6178974.22),(646,4,'MultiPolygon',720877.09,6178999.02),(647,4,'MultiPolygon',720877.00,6178999.13),(648,4,'MultiPolygon',720849.24,6178992.79),(649,4,'MultiPolygon',720810.99,6178984.06),(650,4,'MultiPolygon',720793.55,6178911.77),(651,4,'MultiPolygon',720781.01,6178857.24),(652,4,'MultiPolygon',720754.27,6178739.95),(653,4,'MultiPolygon',720731.51,6178640.13),(654,4,'MultiPolygon',720731.49,6178640.04),(655,4,'MultiPolygon',720714.01,6178564.53),(656,4,'MultiPolygon',720713.99,6178564.44),(657,4,'MultiPolygon',720704.52,6178524.12),(658,4,'MultiPolygon',720703.44,6178520.52),(659,4,'MultiPolygon',720694.58,6178496.71),(660,4,'MultiPolygon',720692.75,6178492.71),(661,4,'MultiPolygon',720645.22,6178406.32),(662,4,'MultiPolygon',720593.44,6178312.00),(663,4,'MultiPolygon',720587.58,6178304.47),(664,4,'MultiPolygon',720579.64,6178299.16),(665,4,'MultiPolygon',720570.44,6178296.62),(666,4,'MultiPolygon',720560.91,6178297.09),(667,4,'MultiPolygon',720552.01,6178300.53),(668,4,'MultiPolygon',720344.15,6178421.96),(669,4,'MultiPolygon',720344.11,6178421.99),(670,4,'MultiPolygon',720319.00,6178436.71),(671,4,'MultiPolygon',720311.49,6178442.96),(672,4,'MultiPolygon',720306.39,6178451.28),(673,4,'MultiPolygon',720304.23,6178460.80),(674,4,'MultiPolygon',720305.24,6178470.51),(675,4,'MultiPolygon',720314.90,6178505.83),(676,4,'MultiPolygon',720324.44,6178544.05),(677,4,'MultiPolygon',720324.67,6178545.79),(678,4,'MultiPolygon',720324.55,6178546.16),(679,4,'MultiPolygon',720318.34,6178554.53),(680,4,'MultiPolygon',720302.33,6178575.10),(681,4,'MultiPolygon',720296.62,6178587.47),(682,4,'MultiPolygon',720292.84,6178605.81),(683,4,'MultiPolygon',720292.43,6178615.39),(684,4,'MultiPolygon',720295.06,6178624.60),(685,4,'MultiPolygon',720325.46,6178689.40),(686,4,'MultiPolygon',720329.51,6178695.79),(687,4,'MultiPolygon',720339.37,6178707.70),(688,4,'MultiPolygon',720355.92,6178741.72),(689,4,'MultiPolygon',720374.38,6178779.66),(690,4,'MultiPolygon',720379.36,6178789.89),(691,4,'MultiPolygon',720383.88,6178796.66),(692,4,'MultiPolygon',720390.06,6178801.97),(693,4,'MultiPolygon',720397.44,6178805.42),(694,4,'MultiPolygon',720408.76,6178808.93),(695,4,'MultiPolygon',720419.46,6178812.25),(696,4,'MultiPolygon',720426.23,6178813.52),(697,4,'MultiPolygon',720439.57,6178814.47),(698,4,'MultiPolygon',720422.17,6178905.50),(699,4,'MultiPolygon',720421.80,6178914.30),(700,4,'MultiPolygon',720424.01,6178922.83),(701,4,'MultiPolygon',720428.59,6178930.35),(702,4,'MultiPolygon',720435.17,6178936.21),(703,4,'MultiPolygon',720443.16,6178939.91),(704,4,'MultiPolygon',720488.11,6178953.15),(705,4,'MultiPolygon',720480.77,6178975.73),(706,4,'MultiPolygon',720479.44,6178982.18),(707,4,'MultiPolygon',720478.44,6178992.65),(708,4,'MultiPolygon',720478.74,6179000.52),(709,4,'MultiPolygon',720481.06,6179008.03),(710,4,'MultiPolygon',720496.71,6179042.01),(711,4,'MultiPolygon',720497.02,6179042.67),(712,4,'MultiPolygon',720544.28,6179139.07),(713,4,'MultiPolygon',720588.72,6179229.72),(714,4,'MultiPolygon',720594.44,6179237.72),(715,4,'MultiPolygon',720602.44,6179243.45),(716,4,'MultiPolygon',720611.87,6179246.27),(717,4,'MultiPolygon',720621.70,6179245.90),(718,4,'MultiPolygon',720630.88,6179242.37),(719,4,'MultiPolygon',720673.93,6179217.03),(720,4,'MultiPolygon',720748.84,6179172.94),(721,4,'MultiPolygon',720783.32,6179152.64),(722,4,'MultiPolygon',720783.33,6179152.64),(723,4,'MultiPolygon',720783.41,6179152.96),(724,4,'MultiPolygon',720793.14,6179194.01),(725,4,'MultiPolygon',720807.58,6179254.89),(726,4,'MultiPolygon',720821.84,6179314.98),(727,4,'MultiPolygon',720834.96,6179370.61),(728,4,'MultiPolygon',720837.40,6179393.29),(729,4,'MultiPolygon',720837.52,6179406.32),(730,4,'MultiPolygon',720836.32,6179423.39),(731,4,'MultiPolygon',720837.28,6179433.30),(732,4,'MultiPolygon',720841.42,6179442.35),(733,4,'MultiPolygon',720848.30,6179449.54),(734,4,'MultiPolygon',720857.15,6179454.09),(735,4,'MultiPolygon',720867.01,6179455.49),(736,4,'MultiPolygon',720877.37,6179455.23),(737,4,'MultiPolygon',720919.04,6179454.17),(738,4,'MultiPolygon',720920.00,6179465.73),(739,4,'MultiPolygon',720922.02,6179474.33),(740,4,'MultiPolygon',720926.45,6179481.97),(741,4,'MultiPolygon',720932.91,6179487.98),(742,4,'MultiPolygon',720940.85,6179491.86),(743,4,'MultiPolygon',720949.56,6179493.25),(744,4,'MultiPolygon',720949.93,6179493.26),(745,4,'MultiPolygon',720974.36,6179501.53),(746,4,'MultiPolygon',721007.26,6179518.07),(747,4,'MultiPolygon',721028.04,6179532.62),(748,4,'MultiPolygon',721029.34,6179533.48),(749,4,'MultiPolygon',721046.25,6179544.05),(750,4,'MultiPolygon',721048.92,6179545.54),(751,4,'MultiPolygon',721068.57,6179555.20),(752,4,'MultiPolygon',721071.47,6179556.44),(753,4,'MultiPolygon',721097.16,6179565.86),(754,4,'MultiPolygon',721100.07,6179566.76),(755,4,'MultiPolygon',721119.97,6179571.84),(756,4,'MultiPolygon',721120.92,6179572.07),(757,4,'MultiPolygon',721156.34,6179579.89),(758,4,'MultiPolygon',721208.41,6179591.38),(759,4,'MultiPolygon',721237.80,6179597.91),(760,4,'MultiPolygon',721327.46,6179618.08),(761,4,'MultiPolygon',721327.53,6179618.10),(762,4,'MultiPolygon',721393.81,6179632.86),(763,4,'MultiPolygon',721536.91,6179664.74),(764,4,'MultiPolygon',721713.52,6179704.08),(765,4,'MultiPolygon',721713.52,6179704.08),(766,5,'MultiPolygon',722264.84,6178449.98),(767,5,'MultiPolygon',722256.38,6178455.71),(768,5,'MultiPolygon',722250.34,6178463.94),(769,5,'MultiPolygon',722247.40,6178473.72),(770,5,'MultiPolygon',722247.92,6178483.92),(771,5,'MultiPolygon',722278.97,6178621.81),(772,5,'MultiPolygon',722292.66,6178685.69),(773,5,'MultiPolygon',722292.97,6178686.97),(774,5,'MultiPolygon',722304.67,6178731.89),(775,5,'MultiPolygon',722304.89,6178732.66),(776,5,'MultiPolygon',722313.80,6178763.48),(777,5,'MultiPolygon',722314.12,6178764.51),(778,5,'MultiPolygon',722327.53,6178805.31),(779,5,'MultiPolygon',722327.81,6178806.12),(780,5,'MultiPolygon',722336.14,6178829.21),(781,5,'MultiPolygon',722336.45,6178830.04),(782,5,'MultiPolygon',722353.07,6178872.13),(783,5,'MultiPolygon',722353.58,6178873.35),(784,5,'MultiPolygon',722377.67,6178927.27),(785,5,'MultiPolygon',722378.73,6178929.42),(786,5,'MultiPolygon',722440.49,6179042.43),(787,5,'MultiPolygon',722442.05,6179044.99),(788,5,'MultiPolygon',722498.81,6179127.96),(789,5,'MultiPolygon',722500.80,6179130.56),(790,5,'MultiPolygon',722725.12,6179392.04),(791,5,'MultiPolygon',722758.40,6179430.84),(792,5,'MultiPolygon',722773.31,6179448.22),(793,5,'MultiPolygon',722780.88,6179454.55),(794,5,'MultiPolygon',722790.11,6179458.08),(795,5,'MultiPolygon',722799.97,6179458.43),(796,5,'MultiPolygon',722809.42,6179455.55),(797,5,'MultiPolygon',722810.24,6179454.96),(798,5,'MultiPolygon',722987.01,6179577.56),(799,5,'MultiPolygon',723069.82,6179635.00),(800,5,'MultiPolygon',723177.11,6179709.41),(801,5,'MultiPolygon',723186.41,6179713.73),(802,5,'MultiPolygon',723196.63,6179714.66),(803,5,'MultiPolygon',723206.56,6179712.10),(804,5,'MultiPolygon',723215.05,6179706.34),(805,5,'MultiPolygon',723265.37,6179657.72),(806,5,'MultiPolygon',723265.88,6179657.22),(807,5,'MultiPolygon',723305.39,6179617.21),(808,5,'MultiPolygon',723307.30,6179615.07),(809,5,'MultiPolygon',723333.42,6179583.01),(810,5,'MultiPolygon',723334.94,6179580.96),(811,5,'MultiPolygon',723351.66,6179556.43),(812,5,'MultiPolygon',723352.77,6179554.68),(813,5,'MultiPolygon',723366.56,6179531.10),(814,5,'MultiPolygon',723367.59,6179529.18),(815,5,'MultiPolygon',723382.06,6179499.76),(816,5,'MultiPolygon',723383.51,6179496.25),(817,5,'MultiPolygon',723395.76,6179460.51),(818,5,'MultiPolygon',723395.93,6179460.00),(819,5,'MultiPolygon',723403.31,6179437.14),(820,5,'MultiPolygon',723414.71,6179407.29),(821,5,'MultiPolygon',723414.90,6179406.76),(822,5,'MultiPolygon',723443.45,6179327.54),(823,5,'MultiPolygon',723443.79,6179326.53),(824,5,'MultiPolygon',723453.07,6179297.62),(825,5,'MultiPolygon',723454.47,6179287.07),(826,5,'MultiPolygon',723452.11,6179276.70),(827,5,'MultiPolygon',723446.27,6179267.81),(828,5,'MultiPolygon',723406.81,6179226.19),(829,5,'MultiPolygon',723276.66,6179084.34),(830,5,'MultiPolygon',723263.86,6179070.33),(831,5,'MultiPolygon',723299.44,6179039.04),(832,5,'MultiPolygon',723474.01,6178885.52),(833,5,'MultiPolygon',723513.09,6178851.15),(834,5,'MultiPolygon',723543.56,6178853.03),(835,5,'MultiPolygon',723552.49,6178852.24),(836,5,'MultiPolygon',723560.80,6178848.84),(837,5,'MultiPolygon',723567.72,6178843.14),(838,5,'MultiPolygon',723572.65,6178835.64),(839,5,'MultiPolygon',723575.15,6178827.03),(840,5,'MultiPolygon',723574.98,6178818.06),(841,5,'MultiPolygon',723572.18,6178809.54),(842,5,'MultiPolygon',723566.98,6178802.23),(843,5,'MultiPolygon',723447.50,6178678.66),(844,5,'MultiPolygon',723262.10,6178486.88),(845,5,'MultiPolygon',723261.67,6178486.44),(846,5,'MultiPolygon',723227.36,6178452.38),(847,5,'MultiPolygon',723219.30,6178446.67),(848,5,'MultiPolygon',723209.82,6178443.89),(849,5,'MultiPolygon',723199.96,6178444.33),(850,5,'MultiPolygon',723190.77,6178447.95),(851,5,'MultiPolygon',723183.26,6178454.36),(852,5,'MultiPolygon',723107.76,6178544.11),(853,5,'MultiPolygon',723070.25,6178576.83),(854,5,'MultiPolygon',723070.07,6178577.00),(855,5,'MultiPolygon',723006.79,6178633.12),(856,5,'MultiPolygon',723006.61,6178633.28),(857,5,'MultiPolygon',722985.24,6178652.55),(858,5,'MultiPolygon',722954.67,6178680.11),(859,5,'MultiPolygon',722901.06,6178728.44),(860,5,'MultiPolygon',722863.08,6178762.68),(861,5,'MultiPolygon',722799.38,6178693.84),(862,5,'MultiPolygon',722747.45,6178637.43),(863,5,'MultiPolygon',722658.46,6178540.11),(864,5,'MultiPolygon',722659.58,6178536.07),(865,5,'MultiPolygon',722659.33,6178527.20),(866,5,'MultiPolygon',722646.07,6178452.54),(867,5,'MultiPolygon',722643.10,6178443.87),(868,5,'MultiPolygon',722637.66,6178436.49),(869,5,'MultiPolygon',722630.24,6178431.11),(870,5,'MultiPolygon',722621.54,6178428.21),(871,5,'MultiPolygon',722612.38,6178428.08),(872,5,'MultiPolygon',722582.10,6178432.31),(873,5,'MultiPolygon',722528.10,6178325.52),(874,5,'MultiPolygon',722523.05,6178318.37),(875,5,'MultiPolygon',722515.83,6178310.78),(876,5,'MultiPolygon',722508.23,6178305.00),(877,5,'MultiPolygon',722499.19,6178301.91),(878,5,'MultiPolygon',722489.65,6178301.81),(879,5,'MultiPolygon',722480.55,6178304.71),(880,5,'MultiPolygon',722472.83,6178310.33),(881,5,'MultiPolygon',722438.24,6178345.13),(882,5,'MultiPolygon',722361.17,6178400.29),(883,5,'MultiPolygon',722351.09,6178407.51),(884,5,'MultiPolygon',722295.40,6178436.19),(885,5,'MultiPolygon',722264.84,6178449.98),(886,6,'MultiPolygon',722157.18,6177819.95),(887,6,'MultiPolygon',722157.62,6177821.39),(888,6,'MultiPolygon',722161.79,6177842.60),(889,6,'MultiPolygon',722164.75,6177859.42),(890,6,'MultiPolygon',722166.94,6177876.47),(891,6,'MultiPolygon',722167.44,6177879.26),(892,6,'MultiPolygon',722168.82,6177885.37),(893,6,'MultiPolygon',722172.52,6177894.46),(894,6,'MultiPolygon',722177.37,6177902.35),(895,6,'MultiPolygon',722187.83,6177919.36),(896,6,'MultiPolygon',722190.01,6177922.91),(897,6,'MultiPolygon',722195.24,6177929.26),(898,6,'MultiPolygon',722201.82,6177935.32),(899,6,'MultiPolygon',722205.66,6177938.32),(900,6,'MultiPolygon',722215.98,6177945.11),(901,6,'MultiPolygon',722216.84,6177945.65),(902,6,'MultiPolygon',722220.75,6177948.04),(903,6,'MultiPolygon',722220.78,6177948.11),(904,6,'MultiPolygon',722229.34,6177970.35),(905,6,'MultiPolygon',722230.09,6177972.13),(906,6,'MultiPolygon',722232.64,6177977.67),(907,6,'MultiPolygon',722237.57,6177985.16),(908,6,'MultiPolygon',722240.70,6177988.65),(909,6,'MultiPolygon',722244.92,6177992.53),(910,6,'MultiPolygon',722253.51,6177999.03),(911,6,'MultiPolygon',722258.06,6178001.87),(912,6,'MultiPolygon',722267.19,6178006.49),(913,6,'MultiPolygon',722279.31,6178013.10),(914,6,'MultiPolygon',722279.55,6178013.26),(915,6,'MultiPolygon',722280.01,6178013.76),(916,6,'MultiPolygon',722280.15,6178013.92),(917,6,'MultiPolygon',722292.60,6178027.50),(918,6,'MultiPolygon',722304.08,6178040.83),(919,6,'MultiPolygon',722311.19,6178046.87),(920,6,'MultiPolygon',722319.83,6178050.43),(921,6,'MultiPolygon',722358.04,6178059.57),(922,6,'MultiPolygon',722414.39,6178073.05),(923,6,'MultiPolygon',722433.63,6178077.66),(924,6,'MultiPolygon',722442.38,6178078.43),(925,6,'MultiPolygon',722450.98,6178076.63),(926,6,'MultiPolygon',722458.69,6178072.42),(927,6,'MultiPolygon',722464.85,6178066.15),(928,6,'MultiPolygon',722468.93,6178058.37),(929,6,'MultiPolygon',722470.58,6178049.75),(930,6,'MultiPolygon',722473.08,6177990.70),(931,6,'MultiPolygon',722476.24,6177915.94),(932,6,'MultiPolygon',722482.16,6177775.77),(933,6,'MultiPolygon',722483.00,6177755.96),(934,6,'MultiPolygon',722484.82,6177712.90),(935,6,'MultiPolygon',722486.36,6177676.39),(936,6,'MultiPolygon',722485.31,6177667.15),(937,6,'MultiPolygon',722481.48,6177658.67),(938,6,'MultiPolygon',722475.24,6177651.78),(939,6,'MultiPolygon',722467.18,6177647.13),(940,6,'MultiPolygon',722458.10,6177645.17),(941,6,'MultiPolygon',722398.37,6177641.76),(942,6,'MultiPolygon',722399.51,6177624.54),(943,6,'MultiPolygon',722404.89,6177576.20),(944,6,'MultiPolygon',722407.98,6177554.48),(945,6,'MultiPolygon',722415.11,6177513.54),(946,6,'MultiPolygon',722418.09,6177497.86),(947,6,'MultiPolygon',722425.26,6177477.46),(948,6,'MultiPolygon',722436.96,6177463.27),(949,6,'MultiPolygon',722465.78,6177440.79),(950,6,'MultiPolygon',722469.79,6177437.02),(951,6,'MultiPolygon',722485.23,6177419.59),(952,6,'MultiPolygon',722490.08,6177412.12),(953,6,'MultiPolygon',722492.52,6177403.56),(954,6,'MultiPolygon',722492.34,6177394.65),(955,6,'MultiPolygon',722489.56,6177386.19),(956,6,'MultiPolygon',722469.11,6177345.65),(957,6,'MultiPolygon',722463.68,6177338.08),(958,6,'MultiPolygon',722456.19,6177332.55),(959,6,'MultiPolygon',722447.35,6177329.58),(960,6,'MultiPolygon',722438.04,6177329.46),(961,6,'MultiPolygon',722429.14,6177332.21),(962,6,'MultiPolygon',722421.51,6177337.56),(963,6,'MultiPolygon',722419.48,6177339.51),(964,6,'MultiPolygon',722372.21,6177285.88),(965,6,'MultiPolygon',722365.29,6177280.09),(966,6,'MultiPolygon',722356.96,6177276.61),(967,6,'MultiPolygon',722347.98,6177275.77),(968,6,'MultiPolygon',722339.15,6177277.64),(969,6,'MultiPolygon',722331.28,6177282.05),(970,6,'MultiPolygon',722252.64,6177343.25),(971,6,'MultiPolygon',722244.96,6177352.14),(972,6,'MultiPolygon',722227.09,6177383.68),(973,6,'MultiPolygon',722207.95,6177417.48),(974,6,'MultiPolygon',722185.22,6177457.52),(975,6,'MultiPolygon',722182.59,6177463.64),(976,6,'MultiPolygon',722177.53,6177480.34),(977,6,'MultiPolygon',722171.97,6177498.70),(978,6,'MultiPolygon',722170.96,6177503.29),(979,6,'MultiPolygon',722169.92,6177510.87),(980,6,'MultiPolygon',722169.82,6177518.28),(981,6,'MultiPolygon',722170.86,6177527.65),(982,6,'MultiPolygon',722171.65,6177534.77),(983,6,'MultiPolygon',722173.05,6177547.40),(984,6,'MultiPolygon',722173.61,6177550.71),(985,6,'MultiPolygon',722175.24,6177557.93),(986,6,'MultiPolygon',722175.75,6177559.89),(987,6,'MultiPolygon',722181.13,6177577.93),(988,6,'MultiPolygon',722181.21,6177578.18),(989,6,'MultiPolygon',722185.33,6177591.55),(990,6,'MultiPolygon',722186.93,6177597.71),(991,6,'MultiPolygon',722186.70,6177601.19),(992,6,'MultiPolygon',722181.86,6177629.31),(993,6,'MultiPolygon',722179.16,6177644.96),(994,6,'MultiPolygon',722176.17,6177660.90),(995,6,'MultiPolygon',722172.04,6177665.26),(996,6,'MultiPolygon',722163.18,6177674.62),(997,6,'MultiPolygon',722155.59,6177682.63),(998,6,'MultiPolygon',722149.91,6177688.63),(999,6,'MultiPolygon',722149.54,6177689.02),(1000,6,'MultiPolygon',722142.54,6177696.68),(1001,6,'MultiPolygon',722141.14,6177698.22),(1002,6,'MultiPolygon',722133.85,6177703.93),(1003,6,'MultiPolygon',722123.26,6177711.24),(1004,6,'MultiPolygon',722116.71,6177717.40),(1005,6,'MultiPolygon',722112.27,6177725.22),(1006,6,'MultiPolygon',722110.36,6177734.00),(1007,6,'MultiPolygon',722111.13,6177742.96),(1008,6,'MultiPolygon',722114.53,6177751.29),(1009,6,'MultiPolygon',722121.08,6177762.29),(1010,6,'MultiPolygon',722121.22,6177762.51),(1011,6,'MultiPolygon',722135.01,6177785.19),(1012,6,'MultiPolygon',722135.40,6177785.83),(1013,6,'MultiPolygon',722147.33,6177804.39),(1014,6,'MultiPolygon',722157.18,6177819.95),(1015,7,'MultiPolygon',719632.82,6175166.29),(1016,7,'MultiPolygon',719633.09,6175176.45),(1017,7,'MultiPolygon',719636.74,6175185.93),(1018,7,'MultiPolygon',719643.35,6175193.66),(1019,7,'MultiPolygon',719652.15,6175198.73),(1020,7,'MultiPolygon',719662.15,6175200.58),(1021,7,'MultiPolygon',719761.20,6175201.80),(1022,7,'MultiPolygon',719778.58,6175202.07),(1023,7,'MultiPolygon',719788.70,6175200.48),(1024,7,'MultiPolygon',719797.70,6175195.57),(1025,7,'MultiPolygon',719804.53,6175187.92),(1026,7,'MultiPolygon',719805.83,6175185.82),(1027,7,'MultiPolygon',719809.35,6175177.14),(1028,7,'MultiPolygon',719814.94,6175173.41),(1029,7,'MultiPolygon',719820.55,6175166.54),(1030,7,'MultiPolygon',719823.91,6175158.34),(1031,7,'MultiPolygon',719847.04,6175063.85),(1032,7,'MultiPolygon',719847.22,6175063.09),(1033,7,'MultiPolygon',719867.89,6174967.87),(1034,7,'MultiPolygon',719891.08,6174864.15),(1035,7,'MultiPolygon',719899.97,6174825.29),(1036,7,'MultiPolygon',719904.32,6174809.62),(1037,7,'MultiPolygon',719968.25,6174817.49),(1038,7,'MultiPolygon',720012.10,6174822.89),(1039,7,'MultiPolygon',720044.29,6174829.54),(1040,7,'MultiPolygon',720101.97,6174841.46),(1041,7,'MultiPolygon',720150.77,6174851.54),(1042,7,'MultiPolygon',720194.22,6174860.51),(1043,7,'MultiPolygon',720256.69,6174873.42),(1044,7,'MultiPolygon',720266.09,6174873.85),(1045,7,'MultiPolygon',720275.17,6174871.35),(1046,7,'MultiPolygon',720283.02,6174866.16),(1047,7,'MultiPolygon',720301.73,6174849.03),(1048,7,'MultiPolygon',720328.47,6174852.69),(1049,7,'MultiPolygon',720337.61,6174852.53),(1050,7,'MultiPolygon',720346.27,6174849.63),(1051,7,'MultiPolygon',720353.66,6174844.26),(1052,7,'MultiPolygon',720359.09,6174836.91),(1053,7,'MultiPolygon',720362.06,6174828.26),(1054,7,'MultiPolygon',720362.28,6174819.13),(1055,7,'MultiPolygon',720360.91,6174808.43),(1056,7,'MultiPolygon',720360.89,6174808.29),(1057,7,'MultiPolygon',720359.11,6174794.99),(1058,7,'MultiPolygon',720357.61,6174776.46),(1059,7,'MultiPolygon',720356.93,6174764.18),(1060,7,'MultiPolygon',720356.83,6174753.69),(1061,7,'MultiPolygon',720357.16,6174746.12),(1062,7,'MultiPolygon',720358.35,6174725.66),(1063,7,'MultiPolygon',720360.35,6174705.30),(1064,7,'MultiPolygon',720363.19,6174686.60),(1065,7,'MultiPolygon',720366.44,6174668.33),(1066,7,'MultiPolygon',720370.75,6174655.51),(1067,7,'MultiPolygon',720371.02,6174654.67),(1068,7,'MultiPolygon',720379.28,6174627.46),(1069,7,'MultiPolygon',720379.33,6174627.29),(1070,7,'MultiPolygon',720386.01,6174604.82),(1071,7,'MultiPolygon',720388.56,6174596.23),(1072,7,'MultiPolygon',720394.13,6174585.04),(1073,7,'MultiPolygon',720397.03,6174575.54),(1074,7,'MultiPolygon',720396.66,6174565.61),(1075,7,'MultiPolygon',720393.08,6174556.35),(1076,7,'MultiPolygon',720386.67,6174548.77),(1077,7,'MultiPolygon',720378.13,6174543.69),(1078,7,'MultiPolygon',720368.41,6174541.68),(1079,7,'MultiPolygon',720358.56,6174542.96),(1080,7,'MultiPolygon',720255.04,6174574.42),(1081,7,'MultiPolygon',720254.98,6174574.43),(1082,7,'MultiPolygon',720125.69,6174613.98),(1083,7,'MultiPolygon',720124.10,6174614.52),(1084,7,'MultiPolygon',720072.57,6174633.49),(1085,7,'MultiPolygon',720005.53,6174658.17),(1086,7,'MultiPolygon',719900.08,6174696.99),(1087,7,'MultiPolygon',719808.11,6174730.32),(1088,7,'MultiPolygon',719699.16,6174769.57),(1089,7,'MultiPolygon',719689.79,6174775.03),(1090,7,'MultiPolygon',719682.98,6174783.45),(1091,7,'MultiPolygon',719679.60,6174793.75),(1092,7,'MultiPolygon',719668.88,6174872.44),(1093,7,'MultiPolygon',719656.04,6174966.69),(1094,7,'MultiPolygon',719645.51,6175044.00),(1095,7,'MultiPolygon',719633.03,6175135.59),(1096,7,'MultiPolygon',719633.40,6175145.85),(1097,7,'MultiPolygon',719635.15,6175150.21),(1098,7,'MultiPolygon',719632.82,6175166.29),(1099,8,'MultiPolygon',719380.93,6172911.51),(1100,8,'MultiPolygon',719381.14,6172901.35),(1101,8,'MultiPolygon',719381.26,6172895.62),(1102,8,'MultiPolygon',719380.97,6172890.73),(1103,8,'MultiPolygon',719380.20,6172885.38),(1104,8,'MultiPolygon',719379.48,6172881.86),(1105,8,'MultiPolygon',719378.08,6172876.64),(1106,8,'MultiPolygon',719376.94,6172873.23),(1107,8,'MultiPolygon',719374.93,6172868.21),(1108,8,'MultiPolygon',719373.39,6172864.97),(1109,8,'MultiPolygon',719370.79,6172860.22),(1110,8,'MultiPolygon',719368.88,6172857.19),(1111,8,'MultiPolygon',719365.73,6172852.79),(1112,8,'MultiPolygon',719363.39,6172849.91),(1113,8,'MultiPolygon',719359.49,6172845.68),(1114,8,'MultiPolygon',719357.14,6172843.40),(1115,8,'MultiPolygon',719354.23,6172840.87),(1116,8,'MultiPolygon',719344.79,6172832.65),(1117,8,'MultiPolygon',719337.47,6172827.94),(1118,8,'MultiPolygon',719329.11,6172825.54),(1119,8,'MultiPolygon',719320.41,6172825.64),(1120,8,'MultiPolygon',719312.11,6172828.22),(1121,8,'MultiPolygon',719304.89,6172833.08),(1122,8,'MultiPolygon',719281.91,6172854.00),(1123,8,'MultiPolygon',719263.64,6172870.62),(1124,8,'MultiPolygon',719257.79,6172875.95),(1125,8,'MultiPolygon',719246.70,6172886.04),(1126,8,'MultiPolygon',719244.76,6172887.98),(1127,8,'MultiPolygon',719232.65,6172901.22),(1128,8,'MultiPolygon',719232.27,6172901.64),(1129,8,'MultiPolygon',719217.50,6172918.41),(1130,8,'MultiPolygon',719206.31,6172931.11),(1131,8,'MultiPolygon',719189.33,6172950.40),(1132,8,'MultiPolygon',719174.19,6172967.59),(1133,8,'MultiPolygon',719159.89,6172983.84),(1134,8,'MultiPolygon',719148.90,6172996.31),(1135,8,'MultiPolygon',719143.87,6173004.26),(1136,8,'MultiPolygon',719141.55,6173013.38),(1137,8,'MultiPolygon',719142.16,6173022.77),(1138,8,'MultiPolygon',719145.66,6173031.51),(1139,8,'MultiPolygon',719151.68,6173038.73),(1140,8,'MultiPolygon',719171.06,6173055.66),(1141,8,'MultiPolygon',719183.75,6173069.30),(1142,8,'MultiPolygon',719209.10,6173104.08),(1143,8,'MultiPolygon',719238.27,6173144.57),(1144,8,'MultiPolygon',719268.16,6173186.05),(1145,8,'MultiPolygon',719292.77,6173220.20),(1146,8,'MultiPolygon',719316.13,6173267.28),(1147,8,'MultiPolygon',719316.15,6173267.32),(1148,8,'MultiPolygon',719359.36,6173354.09),(1149,8,'MultiPolygon',719395.86,6173427.24),(1150,8,'MultiPolygon',719428.70,6173493.08),(1151,8,'MultiPolygon',719451.31,6173538.42),(1152,8,'MultiPolygon',719464.22,6173564.29),(1153,8,'MultiPolygon',719464.25,6173564.34),(1154,8,'MultiPolygon',719476.32,6173588.42),(1155,8,'MultiPolygon',719476.39,6173588.55),(1156,8,'MultiPolygon',719492.08,6173619.47),(1157,8,'MultiPolygon',719494.05,6173622.79),(1158,8,'MultiPolygon',719519.63,6173660.31),(1159,8,'MultiPolygon',719521.73,6173663.04),(1160,8,'MultiPolygon',719541.31,6173685.67),(1161,8,'MultiPolygon',719543.02,6173687.48),(1162,8,'MultiPolygon',719560.91,6173704.99),(1163,8,'MultiPolygon',719562.04,6173706.04),(1164,8,'MultiPolygon',719569.51,6173712.62),(1165,8,'MultiPolygon',719570.34,6173713.33),(1166,8,'MultiPolygon',719580.25,6173721.45),(1167,8,'MultiPolygon',719589.35,6173729.08),(1168,8,'MultiPolygon',719589.58,6173729.27),(1169,8,'MultiPolygon',719597.90,6173736.11),(1170,8,'MultiPolygon',719602.40,6173739.17),(1171,8,'MultiPolygon',719616.53,6173747.01),(1172,8,'MultiPolygon',719623.95,6173749.91),(1173,8,'MultiPolygon',719643.63,6173754.72),(1174,8,'MultiPolygon',719648.56,6173755.50),(1175,8,'MultiPolygon',719690.74,6173758.60),(1176,8,'MultiPolygon',719735.98,6173761.92),(1177,8,'MultiPolygon',719766.18,6173764.14),(1178,8,'MultiPolygon',719795.98,6173766.33),(1179,8,'MultiPolygon',719830.29,6173768.84),(1180,8,'MultiPolygon',719857.43,6173770.84),(1181,8,'MultiPolygon',719908.03,6173774.55),(1182,8,'MultiPolygon',719948.36,6173777.60),(1183,8,'MultiPolygon',719958.43,6173776.65),(1184,8,'MultiPolygon',719967.60,6173772.42),(1185,8,'MultiPolygon',719989.24,6173757.56),(1186,8,'MultiPolygon',720009.60,6173745.58),(1187,8,'MultiPolygon',720010.66,6173744.93),(1188,8,'MultiPolygon',720035.39,6173728.98),(1189,8,'MultiPolygon',720060.66,6173713.76),(1190,8,'MultiPolygon',720083.99,6173699.82),(1191,8,'MultiPolygon',720101.51,6173689.35),(1192,8,'MultiPolygon',720122.93,6173676.55),(1193,8,'MultiPolygon',720135.60,6173668.98),(1194,8,'MultiPolygon',720143.42,6173662.23),(1195,8,'MultiPolygon',720148.49,6173653.24),(1196,8,'MultiPolygon',720156.67,6173630.11),(1197,8,'MultiPolygon',720164.50,6173608.00),(1198,8,'MultiPolygon',720174.68,6173579.24),(1199,8,'MultiPolygon',720188.50,6173540.18),(1200,8,'MultiPolygon',720202.58,6173500.43),(1201,8,'MultiPolygon',720224.19,6173440.01),(1202,8,'MultiPolygon',720238.66,6173399.55),(1203,8,'MultiPolygon',720240.38,6173390.94),(1204,8,'MultiPolygon',720239.53,6173382.20),(1205,8,'MultiPolygon',720236.19,6173374.08),(1206,8,'MultiPolygon',720230.64,6173367.28),(1207,8,'MultiPolygon',720223.36,6173362.38),(1208,8,'MultiPolygon',720072.45,6173290.22),(1209,8,'MultiPolygon',720072.14,6173290.07),(1210,8,'MultiPolygon',719837.85,6173181.31),(1211,8,'MultiPolygon',719639.36,6173088.65),(1212,8,'MultiPolygon',719639.29,6173088.61),(1213,8,'MultiPolygon',719461.47,6173006.15),(1214,8,'MultiPolygon',719485.91,6172959.10),(1215,8,'MultiPolygon',719488.97,6172949.62),(1216,8,'MultiPolygon',719488.76,6172939.65),(1217,8,'MultiPolygon',719485.29,6172930.31),(1218,8,'MultiPolygon',719478.95,6172922.62),(1219,8,'MultiPolygon',719470.45,6172917.43),(1220,8,'MultiPolygon',719460.71,6172915.31),(1221,8,'MultiPolygon',719394.48,6172912.16),(1222,8,'MultiPolygon',719380.93,6172911.51),(1223,12,'MultiPolygon',723284.67,6177207.85),(1224,12,'MultiPolygon',723282.69,6177210.79),(1225,12,'MultiPolygon',723280.11,6177220.03),(1226,12,'MultiPolygon',723280.58,6177229.62),(1227,12,'MultiPolygon',723284.06,6177238.57),(1228,12,'MultiPolygon',723332.16,6177320.38),(1229,12,'MultiPolygon',723332.41,6177320.79),(1230,12,'MultiPolygon',723374.05,6177389.11),(1231,12,'MultiPolygon',723379.95,6177396.11),(1232,12,'MultiPolygon',723387.69,6177401.01),(1233,12,'MultiPolygon',723396.54,6177403.34),(1234,12,'MultiPolygon',723405.69,6177402.89),(1235,12,'MultiPolygon',723414.27,6177399.71),(1236,12,'MultiPolygon',723421.50,6177394.08),(1237,12,'MultiPolygon',723460.62,6177352.59),(1238,12,'MultiPolygon',723509.84,6177301.72),(1239,12,'MultiPolygon',723511.20,6177300.92),(1240,12,'MultiPolygon',723574.64,6177263.60),(1241,12,'MultiPolygon',723574.79,6177263.52),(1242,12,'MultiPolygon',723640.56,6177224.32),(1243,12,'MultiPolygon',723640.76,6177224.20),(1244,12,'MultiPolygon',723656.74,6177214.51),(1245,12,'MultiPolygon',723656.85,6177214.45),(1246,12,'MultiPolygon',723755.93,6177153.79),(1247,12,'MultiPolygon',723756.30,6177153.56),(1248,12,'MultiPolygon',723787.27,6177133.97),(1249,12,'MultiPolygon',723794.24,6177127.88),(1250,12,'MultiPolygon',723799.01,6177119.95),(1251,12,'MultiPolygon',723801.15,6177110.95),(1252,12,'MultiPolygon',723800.43,6177101.72),(1253,12,'MultiPolygon',723796.94,6177093.15),(1254,12,'MultiPolygon',723736.08,6176992.00),(1255,12,'MultiPolygon',723699.46,6176930.37),(1256,12,'MultiPolygon',723620.42,6176797.38),(1257,12,'MultiPolygon',723620.20,6176797.02),(1258,12,'MultiPolygon',723605.25,6176772.64),(1259,12,'MultiPolygon',723591.23,6176749.43),(1260,12,'MultiPolygon',723570.82,6176715.63),(1261,12,'MultiPolygon',723556.50,6176691.93),(1262,12,'MultiPolygon',723554.53,6176689.06),(1263,12,'MultiPolygon',723547.65,6176680.18),(1264,12,'MultiPolygon',723544.54,6176676.75),(1265,12,'MultiPolygon',723516.07,6176649.85),(1266,12,'MultiPolygon',723492.16,6176627.26),(1267,12,'MultiPolygon',723484.67,6176622.08),(1268,12,'MultiPolygon',723475.97,6176619.39),(1269,12,'MultiPolygon',723466.86,6176619.44),(1270,12,'MultiPolygon',723458.18,6176622.21),(1271,12,'MultiPolygon',723450.74,6176627.47),(1272,12,'MultiPolygon',723445.22,6176634.71),(1273,12,'MultiPolygon',723438.73,6176646.62),(1274,12,'MultiPolygon',723435.94,6176650.37),(1275,12,'MultiPolygon',723426.44,6176659.40),(1276,12,'MultiPolygon',723411.07,6176668.85),(1277,12,'MultiPolygon',723390.20,6176680.35),(1278,12,'MultiPolygon',723372.59,6176690.07),(1279,12,'MultiPolygon',723353.95,6176700.15),(1280,12,'MultiPolygon',723349.94,6176701.45),(1281,12,'MultiPolygon',723258.39,6176706.53),(1282,12,'MultiPolygon',723170.92,6176710.95),(1283,12,'MultiPolygon',723072.00,6176715.94),(1284,12,'MultiPolygon',723071.96,6176715.94),(1285,12,'MultiPolygon',722974.78,6176720.98),(1286,12,'MultiPolygon',722965.64,6176722.91),(1287,12,'MultiPolygon',722957.53,6176727.56),(1288,12,'MultiPolygon',722951.25,6176734.47),(1289,12,'MultiPolygon',722947.40,6176742.98),(1290,12,'MultiPolygon',722946.36,6176752.27),(1291,12,'MultiPolygon',722952.17,6176883.69),(1292,12,'MultiPolygon',722952.18,6176883.82),(1293,12,'MultiPolygon',722955.92,6176960.79),(1294,12,'MultiPolygon',722909.89,6176986.77),(1295,12,'MultiPolygon',722902.50,6176992.65),(1296,12,'MultiPolygon',722897.30,6177000.53),(1297,12,'MultiPolygon',722894.81,6177009.64),(1298,12,'MultiPolygon',722895.27,6177019.07),(1299,12,'MultiPolygon',722898.65,6177027.89),(1300,12,'MultiPolygon',722938.30,6177096.59),(1301,12,'MultiPolygon',722965.22,6177143.22),(1302,12,'MultiPolygon',722965.86,6177144.28),(1303,12,'MultiPolygon',723012.30,6177217.61),(1304,12,'MultiPolygon',723018.44,6177224.62),(1305,12,'MultiPolygon',723026.44,6177229.39),(1306,12,'MultiPolygon',723035.52,6177231.49),(1307,12,'MultiPolygon',723044.80,6177230.70),(1308,12,'MultiPolygon',723053.40,6177227.10),(1309,12,'MultiPolygon',723163.50,6177159.16),(1310,12,'MultiPolygon',723234.60,6177115.29),(1311,12,'MultiPolygon',723272.02,6177184.46),(1312,12,'MultiPolygon',723284.67,6177207.85),(1313,9,'MultiPolygon',721220.84,6172987.89),(1314,9,'MultiPolygon',721220.96,6172988.02),(1315,9,'MultiPolygon',721229.64,6172992.73),(1316,9,'MultiPolygon',721239.38,6172994.38),(1317,9,'MultiPolygon',721263.19,6172994.42),(1318,9,'MultiPolygon',721272.81,6172992.86),(1319,9,'MultiPolygon',721285.35,6172988.64),(1320,9,'MultiPolygon',721307.79,6172981.10),(1321,9,'MultiPolygon',721391.04,6172953.11),(1322,9,'MultiPolygon',721413.07,6172945.77),(1323,9,'MultiPolygon',721416.94,6172944.17),(1324,9,'MultiPolygon',721453.73,6172925.89),(1325,9,'MultiPolygon',721450.65,6172934.78),(1326,9,'MultiPolygon',721449.21,6172941.07),(1327,9,'MultiPolygon',721446.12,6172967.21),(1328,9,'MultiPolygon',721446.07,6172967.66),(1329,9,'MultiPolygon',721442.26,6173004.61),(1330,9,'MultiPolygon',721442.23,6173010.50),(1331,9,'MultiPolygon',721444.17,6173031.12),(1332,9,'MultiPolygon',721446.67,6173072.32),(1333,9,'MultiPolygon',721442.00,6173112.61),(1334,9,'MultiPolygon',721432.57,6173193.95),(1335,9,'MultiPolygon',721407.95,6173406.40),(1336,9,'MultiPolygon',721407.93,6173406.62),(1337,9,'MultiPolygon',721398.98,6173488.94),(1338,9,'MultiPolygon',721385.59,6173604.65),(1339,9,'MultiPolygon',721385.58,6173604.69),(1340,9,'MultiPolygon',721361.40,6173816.34),(1341,9,'MultiPolygon',721361.39,6173816.38),(1342,9,'MultiPolygon',721352.60,6173894.36),(1343,9,'MultiPolygon',721353.02,6173903.73),(1344,9,'MultiPolygon',721356.32,6173912.52),(1345,9,'MultiPolygon',721362.17,6173919.86),(1346,9,'MultiPolygon',721370.00,6173925.03),(1347,9,'MultiPolygon',721379.04,6173927.53),(1348,9,'MultiPolygon',721446.10,6173935.12),(1349,9,'MultiPolygon',721450.23,6173936.01),(1350,9,'MultiPolygon',721446.87,6173960.75),(1351,9,'MultiPolygon',721437.91,6174026.81),(1352,9,'MultiPolygon',721437.89,6174026.91),(1353,9,'MultiPolygon',721430.90,6174079.77),(1354,9,'MultiPolygon',721424.33,6174129.48),(1355,9,'MultiPolygon',721409.10,6174244.11),(1356,9,'MultiPolygon',721409.44,6174254.04),(1357,9,'MultiPolygon',721413.01,6174263.32),(1358,9,'MultiPolygon',721419.42,6174270.93),(1359,9,'MultiPolygon',721427.96,6174276.02),(1360,9,'MultiPolygon',721437.70,6174278.04),(1361,9,'MultiPolygon',721629.93,6174285.38),(1362,9,'MultiPolygon',721630.50,6174285.40),(1363,9,'MultiPolygon',721725.54,6174287.20),(1364,9,'MultiPolygon',721818.61,6174289.13),(1365,9,'MultiPolygon',721890.23,6174292.15),(1366,9,'MultiPolygon',722052.29,6174298.99),(1367,9,'MultiPolygon',722061.41,6174297.97),(1368,9,'MultiPolygon',722069.80,6174294.24),(1369,9,'MultiPolygon',722076.66,6174288.15),(1370,9,'MultiPolygon',722078.12,6174285.72),(1371,9,'MultiPolygon',722084.38,6174285.75),(1372,9,'MultiPolygon',722130.05,6174285.95),(1373,9,'MultiPolygon',722205.42,6174286.29),(1374,9,'MultiPolygon',722314.56,6174286.78),(1375,9,'MultiPolygon',722314.71,6174286.78),(1376,9,'MultiPolygon',722397.33,6174286.73),(1377,9,'MultiPolygon',722400.84,6174286.52),(1378,9,'MultiPolygon',722456.10,6174279.98),(1379,9,'MultiPolygon',722482.89,6174385.74),(1380,9,'MultiPolygon',722517.51,6174522.43),(1381,9,'MultiPolygon',722544.03,6174627.13),(1382,9,'MultiPolygon',722562.81,6174701.28),(1383,9,'MultiPolygon',722581.34,6174774.55),(1384,9,'MultiPolygon',722592.02,6174816.77),(1385,9,'MultiPolygon',722587.60,6174870.89),(1386,9,'MultiPolygon',722588.44,6174880.77),(1387,9,'MultiPolygon',722592.45,6174889.83),(1388,9,'MultiPolygon',722599.19,6174897.10),(1389,9,'MultiPolygon',722607.94,6174901.77),(1390,9,'MultiPolygon',722617.72,6174903.33),(1391,9,'MultiPolygon',722627.49,6174901.62),(1392,9,'MultiPolygon',722902.35,6174804.62),(1393,9,'MultiPolygon',722910.25,6174800.42),(1394,9,'MultiPolygon',722916.56,6174794.07),(1395,9,'MultiPolygon',722920.72,6174786.15),(1396,9,'MultiPolygon',722922.35,6174777.35),(1397,9,'MultiPolygon',722921.32,6174768.46),(1398,9,'MultiPolygon',722913.01,6174737.91),(1399,9,'MultiPolygon',722874.20,6174591.86),(1400,9,'MultiPolygon',722785.44,6174256.24),(1401,9,'MultiPolygon',722775.67,6174176.98),(1402,9,'MultiPolygon',722774.89,6174172.93),(1403,9,'MultiPolygon',722722.03,6173974.19),(1404,9,'MultiPolygon',722722.01,6173974.14),(1405,9,'MultiPolygon',722692.27,6173863.18),(1406,9,'MultiPolygon',722654.53,6173722.34),(1407,9,'MultiPolygon',722612.09,6173562.18),(1408,9,'MultiPolygon',722568.99,6173398.37),(1409,9,'MultiPolygon',722594.37,6173361.60),(1410,9,'MultiPolygon',722595.91,6173359.12),(1411,9,'MultiPolygon',722601.48,6173349.10),(1412,9,'MultiPolygon',722603.71,6173344.02),(1413,9,'MultiPolygon',722629.29,6173267.29),(1414,9,'MultiPolygon',722629.45,6173266.79),(1415,9,'MultiPolygon',722679.52,6173107.30),(1416,9,'MultiPolygon',722693.29,6173071.30),(1417,9,'MultiPolygon',722712.46,6173022.49),(1418,9,'MultiPolygon',722712.56,6173022.22),(1419,9,'MultiPolygon',722730.32,6172975.68),(1420,9,'MultiPolygon',722730.62,6172974.87),(1421,9,'MultiPolygon',722765.55,6172874.71),(1422,9,'MultiPolygon',722765.56,6172874.68),(1423,9,'MultiPolygon',722912.02,6172453.00),(1424,9,'MultiPolygon',722913.68,6172443.41),(1425,9,'MultiPolygon',722912.18,6172433.79),(1426,9,'MultiPolygon',722907.68,6172425.15),(1427,9,'MultiPolygon',722900.65,6172418.42),(1428,9,'MultiPolygon',722891.83,6172414.29),(1429,9,'MultiPolygon',722869.56,6172408.00),(1430,9,'MultiPolygon',722867.02,6172407.40),(1431,9,'MultiPolygon',722854.05,6172404.93),(1432,9,'MultiPolygon',722851.16,6172404.53),(1433,9,'MultiPolygon',722841.06,6172403.61),(1434,9,'MultiPolygon',722832.81,6172404.00),(1435,9,'MultiPolygon',722824.98,6172406.62),(1436,9,'MultiPolygon',722814.86,6172411.65),(1437,9,'MultiPolygon',722814.02,6172412.09),(1438,9,'MultiPolygon',722706.37,6172469.94),(1439,9,'MultiPolygon',722706.28,6172469.98),(1440,9,'MultiPolygon',722577.49,6172539.74),(1441,9,'MultiPolygon',722577.37,6172539.81),(1442,9,'MultiPolygon',722465.75,6172600.94),(1443,9,'MultiPolygon',722391.38,6172641.44),(1444,9,'MultiPolygon',722389.86,6172637.83),(1445,9,'MultiPolygon',722384.98,6172629.91),(1446,9,'MultiPolygon',722377.91,6172623.87),(1447,9,'MultiPolygon',722369.32,6172620.29),(1448,9,'MultiPolygon',722335.75,6172612.08),(1449,9,'MultiPolygon',722335.37,6172611.99),(1450,9,'MultiPolygon',722281.73,6172599.63),(1451,9,'MultiPolygon',722281.36,6172599.55),(1452,9,'MultiPolygon',722156.35,6172572.40),(1453,9,'MultiPolygon',722089.40,6172557.86),(1454,9,'MultiPolygon',722018.67,6172542.50),(1455,9,'MultiPolygon',722016.35,6172542.09),(1456,9,'MultiPolygon',721985.65,6172537.90),(1457,9,'MultiPolygon',721953.74,6172533.55),(1458,9,'MultiPolygon',721939.67,6172519.38),(1459,9,'MultiPolygon',721887.97,6172457.40),(1460,9,'MultiPolygon',721811.72,6172366.00),(1461,9,'MultiPolygon',721726.59,6172263.72),(1462,9,'MultiPolygon',721719.54,6172257.55),(1463,9,'MultiPolygon',721710.93,6172253.84),(1464,9,'MultiPolygon',721701.59,6172252.98),(1465,9,'MultiPolygon',721692.45,6172255.04),(1466,9,'MultiPolygon',721684.39,6172259.82),(1467,9,'MultiPolygon',721678.19,6172266.86),(1468,9,'MultiPolygon',721660.40,6172294.94),(1469,9,'MultiPolygon',721580.65,6172419.90),(1470,9,'MultiPolygon',721580.55,6172420.06),(1471,9,'MultiPolygon',721523.25,6172511.14),(1472,9,'MultiPolygon',721382.53,6172734.79),(1473,9,'MultiPolygon',721377.84,6172737.21),(1474,9,'MultiPolygon',721371.54,6172743.32),(1475,9,'MultiPolygon',721351.58,6172769.37),(1476,9,'MultiPolygon',721347.77,6172775.90),(1477,9,'MultiPolygon',721346.62,6172779.98),(1478,9,'MultiPolygon',721339.08,6172791.62),(1479,9,'MultiPolygon',721316.65,6172821.05),(1480,9,'MultiPolygon',721267.62,6172879.00),(1481,9,'MultiPolygon',721224.80,6172926.01),(1482,9,'MultiPolygon',721211.35,6172940.37),(1483,9,'MultiPolygon',721206.26,6172947.78),(1484,9,'MultiPolygon',721203.59,6172956.36),(1485,9,'MultiPolygon',721203.58,6172965.35),(1486,9,'MultiPolygon',721206.24,6172973.93),(1487,9,'MultiPolygon',721211.31,6172981.35),(1488,9,'MultiPolygon',721218.36,6172986.92),(1489,9,'MultiPolygon',721220.84,6172987.89),(1490,10,'MultiPolygon',726496.60,6173023.77),(1491,10,'MultiPolygon',726462.94,6172943.50),(1492,10,'MultiPolygon',726441.32,6172890.69),(1493,10,'MultiPolygon',726419.49,6172837.36),(1494,10,'MultiPolygon',726415.11,6172825.96),(1495,10,'MultiPolygon',726412.40,6172817.19),(1496,10,'MultiPolygon',726409.63,6172805.75),(1497,10,'MultiPolygon',726408.78,6172801.20),(1498,10,'MultiPolygon',726407.33,6172790.61),(1499,10,'MultiPolygon',726406.75,6172783.13),(1500,10,'MultiPolygon',726406.48,6172775.02),(1501,10,'MultiPolygon',726406.53,6172770.13),(1502,10,'MultiPolygon',726406.93,6172762.32),(1503,10,'MultiPolygon',726409.30,6172739.76),(1504,10,'MultiPolygon',726415.10,6172684.39),(1505,10,'MultiPolygon',726424.34,6172596.40),(1506,10,'MultiPolygon',726427.66,6172568.42),(1507,10,'MultiPolygon',726427.31,6172559.13),(1508,10,'MultiPolygon',726424.14,6172550.40),(1509,10,'MultiPolygon',726418.44,6172543.05),(1510,10,'MultiPolygon',726410.77,6172537.80),(1511,10,'MultiPolygon',726401.86,6172535.15),(1512,10,'MultiPolygon',726365.78,6172530.30),(1513,10,'MultiPolygon',726317.58,6172523.83),(1514,10,'MultiPolygon',726234.92,6172512.73),(1515,10,'MultiPolygon',726140.87,6172500.10),(1516,10,'MultiPolygon',726059.47,6172489.17),(1517,10,'MultiPolygon',726008.53,6172482.32),(1518,10,'MultiPolygon',725999.83,6172482.43),(1519,10,'MultiPolygon',725991.53,6172485.02),(1520,10,'MultiPolygon',725984.32,6172489.89),(1521,10,'MultiPolygon',725978.81,6172496.63),(1522,10,'MultiPolygon',725975.46,6172504.66),(1523,10,'MultiPolygon',725974.56,6172513.31),(1524,10,'MultiPolygon',725979.24,6172625.24),(1525,10,'MultiPolygon',725981.55,6172701.73),(1526,10,'MultiPolygon',725982.12,6172725.59),(1527,10,'MultiPolygon',725982.76,6172767.10),(1528,10,'MultiPolygon',725982.16,6172817.00),(1529,10,'MultiPolygon',725981.45,6172875.16),(1530,10,'MultiPolygon',725980.83,6172918.56),(1531,10,'MultiPolygon',725980.87,6172920.54),(1532,10,'MultiPolygon',725983.24,6172966.38),(1533,10,'MultiPolygon',725983.33,6172967.68),(1534,10,'MultiPolygon',725986.66,6173002.54),(1535,10,'MultiPolygon',725986.72,6173003.09),(1536,10,'MultiPolygon',725990.04,6173032.11),(1537,10,'MultiPolygon',725990.21,6173033.39),(1538,10,'MultiPolygon',726004.36,6173122.91),(1539,10,'MultiPolygon',726004.40,6173123.16),(1540,10,'MultiPolygon',726016.17,6173193.69),(1541,10,'MultiPolygon',726028.95,6173271.87),(1542,10,'MultiPolygon',726039.81,6173338.89),(1543,10,'MultiPolygon',726049.91,6173401.87),(1544,10,'MultiPolygon',726061.97,6173477.78),(1545,10,'MultiPolygon',726071.61,6173538.39),(1546,10,'MultiPolygon',726071.83,6173541.76),(1547,10,'MultiPolygon',726071.82,6173541.86),(1548,10,'MultiPolygon',726070.16,6173547.16),(1549,10,'MultiPolygon',726067.97,6173554.17),(1550,10,'MultiPolygon',726066.35,6173559.36),(1551,10,'MultiPolygon',726065.68,6173561.49),(1552,10,'MultiPolygon',726063.36,6173565.20),(1553,10,'MultiPolygon',726040.17,6173602.24),(1554,10,'MultiPolygon',726007.07,6173652.11),(1555,10,'MultiPolygon',725967.59,6173711.31),(1556,10,'MultiPolygon',725967.54,6173711.38),(1557,10,'MultiPolygon',725952.84,6173733.58),(1558,10,'MultiPolygon',725948.27,6173745.17),(1559,10,'MultiPolygon',725946.56,6173755.29),(1560,10,'MultiPolygon',725944.49,6173767.62),(1561,10,'MultiPolygon',725943.01,6173776.42),(1562,10,'MultiPolygon',725941.69,6173784.25),(1563,10,'MultiPolygon',725940.67,6173790.34),(1564,10,'MultiPolygon',725940.25,6173795.75),(1565,10,'MultiPolygon',725940.47,6173810.61),(1566,10,'MultiPolygon',725941.24,6173862.94),(1567,10,'MultiPolygon',725941.63,6173867.38),(1568,10,'MultiPolygon',725951.97,6173930.10),(1569,10,'MultiPolygon',725958.51,6173985.30),(1570,10,'MultiPolygon',725964.62,6174036.72),(1571,10,'MultiPolygon',725976.24,6174134.35),(1572,10,'MultiPolygon',725990.50,6174254.18),(1573,10,'MultiPolygon',726001.35,6174345.33),(1574,10,'MultiPolygon',726011.97,6174434.58),(1575,10,'MultiPolygon',726014.39,6174443.30),(1576,10,'MultiPolygon',726019.29,6174450.90),(1577,10,'MultiPolygon',726026.23,6174456.70),(1578,10,'MultiPolygon',726034.59,6174460.16),(1579,10,'MultiPolygon',726043.60,6174460.98),(1580,10,'MultiPolygon',726052.45,6174459.07),(1581,10,'MultiPolygon',726087.14,6174445.84),(1582,10,'MultiPolygon',726094.67,6174441.65),(1583,10,'MultiPolygon',726121.96,6174420.81),(1584,10,'MultiPolygon',726122.22,6174420.61),(1585,10,'MultiPolygon',726186.02,6174370.77),(1586,10,'MultiPolygon',726247.72,6174322.57),(1587,10,'MultiPolygon',726272.88,6174336.72),(1588,10,'MultiPolygon',726392.71,6174404.12),(1589,10,'MultiPolygon',726524.82,6174478.41),(1590,10,'MultiPolygon',726532.85,6174481.51),(1591,10,'MultiPolygon',726541.43,6174482.20),(1592,10,'MultiPolygon',726549.85,6174480.43),(1593,10,'MultiPolygon',726557.43,6174476.33),(1594,10,'MultiPolygon',726563.52,6174470.26),(1595,10,'MultiPolygon',726596.28,6174426.56),(1596,10,'MultiPolygon',726633.69,6174378.03),(1597,10,'MultiPolygon',726671.51,6174329.03),(1598,10,'MultiPolygon',726703.64,6174287.41),(1599,10,'MultiPolygon',726708.36,6174278.54),(1600,10,'MultiPolygon',726709.88,6174268.61),(1601,10,'MultiPolygon',726708.05,6174258.73),(1602,10,'MultiPolygon',726703.05,6174250.01),(1603,10,'MultiPolygon',726698.42,6174244.38),(1604,10,'MultiPolygon',726667.44,6174206.74),(1605,10,'MultiPolygon',726628.35,6174159.24),(1606,10,'MultiPolygon',726624.12,6174155.03),(1607,10,'MultiPolygon',726566.86,6174108.45),(1608,10,'MultiPolygon',726565.40,6174105.64),(1609,10,'MultiPolygon',726560.62,6174100.21),(1610,10,'MultiPolygon',726554.04,6174094.34),(1611,10,'MultiPolygon',726524.50,6174068.01),(1612,10,'MultiPolygon',726506.92,6174051.57),(1613,10,'MultiPolygon',726553.93,6174021.43),(1614,10,'MultiPolygon',726569.67,6174011.33),(1615,10,'MultiPolygon',726586.12,6174000.78),(1616,10,'MultiPolygon',726590.95,6173996.93),(1617,10,'MultiPolygon',726611.62,6173976.63),(1618,10,'MultiPolygon',726621.62,6173966.91),(1619,10,'MultiPolygon',726621.87,6173966.66),(1620,10,'MultiPolygon',726645.66,6173942.98),(1621,10,'MultiPolygon',726651.41,6173934.99),(1622,10,'MultiPolygon',726654.25,6173925.57),(1623,10,'MultiPolygon',726653.90,6173915.74),(1624,10,'MultiPolygon',726650.39,6173906.55),(1625,10,'MultiPolygon',726605.14,6173829.33),(1626,10,'MultiPolygon',726553.53,6173741.25),(1627,10,'MultiPolygon',726536.38,6173702.45),(1628,10,'MultiPolygon',726513.90,6173651.61),(1629,10,'MultiPolygon',726464.07,6173538.90),(1630,10,'MultiPolygon',726461.69,6173533.52),(1631,10,'MultiPolygon',726565.03,6173501.05),(1632,10,'MultiPolygon',726634.90,6173479.09),(1633,10,'MultiPolygon',726649.28,6173474.57),(1634,10,'MultiPolygon',726658.35,6173469.90),(1635,10,'MultiPolygon',726665.33,6173462.47),(1636,10,'MultiPolygon',726669.42,6173453.13),(1637,10,'MultiPolygon',726670.14,6173442.95),(1638,10,'MultiPolygon',726668.36,6173425.21),(1639,10,'MultiPolygon',726666.21,6173403.73),(1640,10,'MultiPolygon',726662.96,6173371.40),(1641,10,'MultiPolygon',726662.73,6173369.63),(1642,10,'MultiPolygon',726659.72,6173350.91),(1643,10,'MultiPolygon',726656.28,6173329.50),(1644,10,'MultiPolygon',726652.08,6173318.34),(1645,10,'MultiPolygon',726637.35,6173294.82),(1646,10,'MultiPolygon',726619.81,6173262.47),(1647,10,'MultiPolygon',726586.61,6173201.25),(1648,10,'MultiPolygon',726548.71,6173131.38),(1649,10,'MultiPolygon',726535.13,6173106.32),(1650,10,'MultiPolygon',726518.16,6173074.45),(1651,10,'MultiPolygon',726511.70,6173059.27),(1652,10,'MultiPolygon',726496.60,6173023.77),(1653,11,'MultiPolygon',722899.36,6178102.37),(1654,11,'MultiPolygon',722897.26,6178106.44),(1655,11,'MultiPolygon',722895.64,6178114.90),(1656,11,'MultiPolygon',722896.49,6178123.47),(1657,11,'MultiPolygon',722899.74,6178131.44),(1658,11,'MultiPolygon',722945.44,6178209.23),(1659,11,'MultiPolygon',722991.05,6178288.20),(1660,11,'MultiPolygon',722996.72,6178295.27),(1661,11,'MultiPolygon',723004.23,6178300.33),(1662,11,'MultiPolygon',723012.92,6178302.91),(1663,11,'MultiPolygon',723021.98,6178302.79),(1664,11,'MultiPolygon',723030.59,6178299.96),(1665,11,'MultiPolygon',723108.27,6178260.62),(1666,11,'MultiPolygon',723116.09,6178254.90),(1667,11,'MultiPolygon',723121.69,6178246.98),(1668,11,'MultiPolygon',723124.47,6178237.70),(1669,11,'MultiPolygon',723124.14,6178228.01),(1670,11,'MultiPolygon',723120.74,6178218.93),(1671,11,'MultiPolygon',723086.15,6178158.59),(1672,11,'MultiPolygon',723074.29,6178137.51),(1673,11,'MultiPolygon',723112.16,6178114.89),(1674,11,'MultiPolygon',723151.00,6178091.70),(1675,11,'MultiPolygon',723195.19,6178065.30),(1676,11,'MultiPolygon',723202.34,6178059.36),(1677,11,'MultiPolygon',723207.32,6178051.51),(1678,11,'MultiPolygon',723209.66,6178042.51),(1679,11,'MultiPolygon',723209.14,6178033.23),(1680,11,'MultiPolygon',723205.79,6178024.55),(1681,11,'MultiPolygon',723166.37,6177956.24),(1682,11,'MultiPolygon',723144.22,6177917.73),(1683,11,'MultiPolygon',723127.66,6177883.94),(1684,11,'MultiPolygon',723126.61,6177881.98),(1685,11,'MultiPolygon',723081.27,6177804.58),(1686,11,'MultiPolygon',723062.42,6177771.74),(1687,11,'MultiPolygon',723051.99,6177753.57),(1688,11,'MultiPolygon',723046.18,6177746.32),(1689,11,'MultiPolygon',723038.42,6177741.20),(1690,11,'MultiPolygon',723029.47,6177738.70),(1691,11,'MultiPolygon',723020.19,6177739.06),(1692,11,'MultiPolygon',723011.46,6177742.25),(1693,11,'MultiPolygon',723004.12,6177747.95),(1694,11,'MultiPolygon',722997.50,6177754.98),(1695,11,'MultiPolygon',722997.47,6177755.02),(1696,11,'MultiPolygon',722885.72,6177874.25),(1697,11,'MultiPolygon',722798.13,6177967.06),(1698,11,'MultiPolygon',722792.82,6177974.85),(1699,11,'MultiPolygon',722790.18,6177983.91),(1700,11,'MultiPolygon',722790.49,6177993.33),(1701,11,'MultiPolygon',722793.71,6178002.20),(1702,11,'MultiPolygon',722799.53,6178009.63),(1703,11,'MultiPolygon',722881.29,6178085.59),(1704,11,'MultiPolygon',722899.36,6178102.37),(1705,13,'MultiPolygon',719898.26,6172901.54),(1706,13,'MultiPolygon',719897.50,6172910.25),(1707,13,'MultiPolygon',719899.29,6172918.81),(1708,13,'MultiPolygon',719903.47,6172926.50),(1709,13,'MultiPolygon',719909.69,6172932.65),(1710,13,'MultiPolygon',719917.42,6172936.74),(1711,13,'MultiPolygon',719926.00,6172938.43),(1712,13,'MultiPolygon',719934.71,6172937.58),(1713,13,'MultiPolygon',720027.52,6172914.44),(1714,13,'MultiPolygon',720028.10,6172914.29),(1715,13,'MultiPolygon',720162.92,6172877.80),(1716,13,'MultiPolygon',720228.81,6172863.66),(1717,13,'MultiPolygon',720266.49,6172858.19),(1718,13,'MultiPolygon',720266.58,6172858.17),(1719,13,'MultiPolygon',720376.51,6172841.83),(1720,13,'MultiPolygon',720405.29,6172837.89),(1721,13,'MultiPolygon',720536.60,6172825.05),(1722,13,'MultiPolygon',720616.12,6172817.26),(1723,13,'MultiPolygon',720645.20,6172814.41),(1724,13,'MultiPolygon',720697.29,6172809.31),(1725,13,'MultiPolygon',720806.11,6172807.60),(1726,13,'MultiPolygon',720949.49,6172805.73),(1727,13,'MultiPolygon',720958.22,6172804.31),(1728,13,'MultiPolygon',720966.17,6172800.40),(1729,13,'MultiPolygon',720972.62,6172794.35),(1730,13,'MultiPolygon',720977.03,6172786.67),(1731,13,'MultiPolygon',720979.01,6172778.04),(1732,13,'MultiPolygon',720978.38,6172769.21),(1733,13,'MultiPolygon',720975.20,6172760.95),(1734,13,'MultiPolygon',720941.24,6172700.96),(1735,13,'MultiPolygon',720941.21,6172700.92),(1736,13,'MultiPolygon',720907.20,6172641.07),(1737,13,'MultiPolygon',720907.06,6172640.81),(1738,13,'MultiPolygon',720884.91,6172602.73),(1739,13,'MultiPolygon',720836.27,6172515.42),(1740,13,'MultiPolygon',720792.49,6172436.85),(1741,13,'MultiPolygon',720750.34,6172361.19),(1742,13,'MultiPolygon',720717.50,6172302.26),(1743,13,'MultiPolygon',720685.39,6172244.62),(1744,13,'MultiPolygon',720647.53,6172176.67),(1745,13,'MultiPolygon',720642.12,6172165.89),(1746,13,'MultiPolygon',720634.04,6172144.47),(1747,13,'MultiPolygon',720633.99,6172144.34),(1748,13,'MultiPolygon',720619.89,6172107.46),(1749,13,'MultiPolygon',720619.68,6172106.94),(1750,13,'MultiPolygon',720602.93,6172065.51),(1751,13,'MultiPolygon',720592.18,6172003.76),(1752,13,'MultiPolygon',720592.13,6172003.48),(1753,13,'MultiPolygon',720581.49,6171945.70),(1754,13,'MultiPolygon',720572.00,6171894.19),(1755,13,'MultiPolygon',720569.58,6171854.51),(1756,13,'MultiPolygon',720567.23,6171844.56),(1757,13,'MultiPolygon',720561.67,6171835.98),(1758,13,'MultiPolygon',720553.55,6171829.76),(1759,13,'MultiPolygon',720543.81,6171826.64),(1760,13,'MultiPolygon',720533.59,6171826.96),(1761,13,'MultiPolygon',720488.74,6171836.18),(1762,13,'MultiPolygon',720468.15,6171797.37),(1763,13,'MultiPolygon',720467.62,6171796.41),(1764,13,'MultiPolygon',720409.23,6171695.38),(1765,13,'MultiPolygon',720409.00,6171694.98),(1766,13,'MultiPolygon',720380.20,6171646.88),(1767,13,'MultiPolygon',720374.35,6171639.83),(1768,13,'MultiPolygon',720366.65,6171634.88),(1769,13,'MultiPolygon',720357.82,6171632.48),(1770,13,'MultiPolygon',720348.67,6171632.85),(1771,13,'MultiPolygon',720340.06,6171635.97),(1772,13,'MultiPolygon',720332.80,6171641.54),(1773,13,'MultiPolygon',720327.55,6171649.04),(1774,13,'MultiPolygon',720309.96,6171684.75),(1775,13,'MultiPolygon',720308.22,6171689.10),(1776,13,'MultiPolygon',720306.15,6171695.79),(1777,13,'MultiPolygon',720298.37,6171706.81),(1778,13,'MultiPolygon',720293.16,6171714.21),(1779,13,'MultiPolygon',720292.46,6171714.60),(1780,13,'MultiPolygon',720286.79,6171716.46),(1781,13,'MultiPolygon',720278.22,6171720.91),(1782,13,'MultiPolygon',720272.15,6171725.44),(1783,13,'MultiPolygon',720266.76,6171729.46),(1784,13,'MultiPolygon',720259.66,6171736.98),(1785,13,'MultiPolygon',720255.53,6171746.46),(1786,13,'MultiPolygon',720254.88,6171756.79),(1787,13,'MultiPolygon',720257.76,6171766.72),(1788,13,'MultiPolygon',720286.46,6171825.22),(1789,13,'MultiPolygon',720290.27,6171834.65),(1790,13,'MultiPolygon',720303.38,6171867.17),(1791,13,'MultiPolygon',720313.05,6171893.98),(1792,13,'MultiPolygon',720313.37,6171894.81),(1793,13,'MultiPolygon',720341.06,6171964.91),(1794,13,'MultiPolygon',720341.16,6171965.17),(1795,13,'MultiPolygon',720374.42,6172047.12),(1796,13,'MultiPolygon',720396.18,6172101.93),(1797,13,'MultiPolygon',720425.05,6172174.66),(1798,13,'MultiPolygon',720459.81,6172262.21),(1799,13,'MultiPolygon',720495.57,6172352.29),(1800,13,'MultiPolygon',720523.94,6172423.76),(1801,13,'MultiPolygon',720516.82,6172426.15),(1802,13,'MultiPolygon',720499.54,6172421.28),(1803,13,'MultiPolygon',720439.12,6172404.25),(1804,13,'MultiPolygon',720438.93,6172404.20),(1805,13,'MultiPolygon',720340.99,6172377.28),(1806,13,'MultiPolygon',720270.82,6172358.06),(1807,13,'MultiPolygon',720194.64,6172335.51),(1808,13,'MultiPolygon',720158.87,6172324.71),(1809,13,'MultiPolygon',720149.56,6172323.44),(1810,13,'MultiPolygon',720140.31,6172325.11),(1811,13,'MultiPolygon',720132.03,6172329.56),(1812,13,'MultiPolygon',720125.54,6172336.35),(1813,13,'MultiPolygon',720121.46,6172344.82),(1814,13,'MultiPolygon',720086.52,6172461.40),(1815,13,'MultiPolygon',720086.35,6172461.98),(1816,13,'MultiPolygon',720065.58,6172536.73),(1817,13,'MultiPolygon',720047.67,6172596.99),(1818,13,'MultiPolygon',720037.32,6172628.89),(1819,13,'MultiPolygon',720017.65,6172675.66),(1820,13,'MultiPolygon',720003.57,6172704.64),(1821,13,'MultiPolygon',719992.73,6172722.31),(1822,13,'MultiPolygon',719971.07,6172756.82),(1823,13,'MultiPolygon',719949.87,6172789.63),(1824,13,'MultiPolygon',719925.83,6172826.83),(1825,13,'MultiPolygon',719923.58,6172831.02),(1826,13,'MultiPolygon',719906.07,6172870.77),(1827,13,'MultiPolygon',719904.34,6172875.93),(1828,13,'MultiPolygon',719898.26,6172901.54),(1829,14,'MultiPolygon',726865.37,6174282.37),(1830,14,'MultiPolygon',726861.27,6174290.06),(1831,14,'MultiPolygon',726859.56,6174298.61),(1832,14,'MultiPolygon',726860.38,6174307.29),(1833,14,'MultiPolygon',726863.66,6174315.36),(1834,14,'MultiPolygon',726869.12,6174322.16),(1835,14,'MultiPolygon',726892.90,6174344.23),(1836,14,'MultiPolygon',726946.92,6174403.10),(1837,14,'MultiPolygon',726973.43,6174432.97),(1838,14,'MultiPolygon',726992.28,6174454.47),(1839,14,'MultiPolygon',726997.36,6174459.08),(1840,14,'MultiPolygon',727041.17,6174490.49),(1841,14,'MultiPolygon',727048.13,6174495.48),(1842,14,'MultiPolygon',727048.30,6174495.79),(1843,14,'MultiPolygon',727050.09,6174498.71),(1844,14,'MultiPolygon',727085.85,6174550.00),(1845,14,'MultiPolygon',727093.45,6174557.56),(1846,14,'MultiPolygon',727103.21,6174561.96),(1847,14,'MultiPolygon',727113.91,6174562.65),(1848,14,'MultiPolygon',727156.25,6174557.75),(1849,14,'MultiPolygon',727179.10,6174555.11),(1850,14,'MultiPolygon',727188.71,6174552.32),(1851,14,'MultiPolygon',727196.86,6174546.52),(1852,14,'MultiPolygon',727202.66,6174538.37),(1853,14,'MultiPolygon',727223.48,6174495.31),(1854,14,'MultiPolygon',727249.63,6174441.20),(1855,14,'MultiPolygon',727276.70,6174385.20),(1856,14,'MultiPolygon',727283.82,6174371.14),(1857,14,'MultiPolygon',727286.74,6174361.91),(1858,14,'MultiPolygon',727286.56,6174352.23),(1859,14,'MultiPolygon',727283.31,6174343.10),(1860,14,'MultiPolygon',727277.33,6174335.49),(1861,14,'MultiPolygon',727269.23,6174330.18),(1862,14,'MultiPolygon',727243.47,6174318.74),(1863,14,'MultiPolygon',727233.58,6174316.24),(1864,14,'MultiPolygon',727223.42,6174317.20),(1865,14,'MultiPolygon',727121.00,6174345.03),(1866,14,'MultiPolygon',727103.60,6174311.15),(1867,14,'MultiPolygon',727082.41,6174269.88),(1868,14,'MultiPolygon',727055.56,6174217.58),(1869,14,'MultiPolygon',727055.43,6174217.34),(1870,14,'MultiPolygon',727027.92,6174164.95),(1871,14,'MultiPolygon',727022.23,6174157.35),(1872,14,'MultiPolygon',727014.45,6174151.91),(1873,14,'MultiPolygon',727005.36,6174149.17),(1874,14,'MultiPolygon',726995.88,6174149.41),(1875,14,'MultiPolygon',726986.94,6174152.60),(1876,14,'MultiPolygon',726979.44,6174158.42),(1877,14,'MultiPolygon',726969.35,6174169.22),(1878,14,'MultiPolygon',726953.28,6174186.41),(1879,14,'MultiPolygon',726936.54,6174204.32),(1880,14,'MultiPolygon',726922.76,6174219.06),(1881,14,'MultiPolygon',726920.86,6174221.31),(1882,14,'MultiPolygon',726915.00,6174228.96),(1883,14,'MultiPolygon',726906.59,6174234.43),(1884,14,'MultiPolygon',726902.71,6174237.43),(1885,14,'MultiPolygon',726898.82,6174240.98),(1886,14,'MultiPolygon',726896.91,6174242.89),(1887,14,'MultiPolygon',726885.33,6174255.56),(1888,14,'MultiPolygon',726883.32,6174258.01),(1889,14,'MultiPolygon',726865.37,6174282.37),(1890,15,'MultiPolygon',726930.75,6172227.11),(1891,15,'MultiPolygon',726929.62,6172235.85),(1892,15,'MultiPolygon',726931.09,6172244.54),(1893,15,'MultiPolygon',726935.01,6172252.43),(1894,15,'MultiPolygon',726941.06,6172258.84),(1895,15,'MultiPolygon',726948.71,6172263.21),(1896,15,'MultiPolygon',726957.30,6172265.17),(1897,15,'MultiPolygon',726972.15,6172266.32),(1898,15,'MultiPolygon',727114.91,6172300.01),(1899,15,'MultiPolygon',727252.99,6172332.59),(1900,15,'MultiPolygon',727350.09,6172355.50),(1901,15,'MultiPolygon',727350.12,6172355.51),(1902,15,'MultiPolygon',727502.44,6172391.28),(1903,15,'MultiPolygon',727511.25,6172392.01),(1904,15,'MultiPolygon',727519.88,6172390.15),(1905,15,'MultiPolygon',727527.60,6172385.85),(1906,15,'MultiPolygon',727533.73,6172379.48),(1907,15,'MultiPolygon',727537.75,6172371.61),(1908,15,'MultiPolygon',727579.81,6172246.09),(1909,15,'MultiPolygon',727626.74,6172106.07),(1910,15,'MultiPolygon',727660.05,6172006.69),(1911,15,'MultiPolygon',727661.60,6171997.34),(1912,15,'MultiPolygon',727660.16,6171987.97),(1913,15,'MultiPolygon',727655.87,6171979.52),(1914,15,'MultiPolygon',727649.15,6171972.83),(1915,15,'MultiPolygon',727640.68,6171968.56),(1916,15,'MultiPolygon',727598.88,6171955.28),(1917,15,'MultiPolygon',727598.51,6171955.17),(1918,15,'MultiPolygon',727439.18,6171906.82),(1919,15,'MultiPolygon',727294.58,6171862.83),(1920,15,'MultiPolygon',727294.54,6171862.81),(1921,15,'MultiPolygon',727190.10,6171831.21),(1922,15,'MultiPolygon',727086.64,6171799.93),(1923,15,'MultiPolygon',727086.53,6171799.89),(1924,15,'MultiPolygon',727083.34,6171798.94),(1925,15,'MultiPolygon',727073.95,6171797.71),(1926,15,'MultiPolygon',727064.64,6171799.46),(1927,15,'MultiPolygon',727056.34,6171804.02),(1928,15,'MultiPolygon',727049.88,6171810.94),(1929,15,'MultiPolygon',727045.90,6171819.54),(1930,15,'MultiPolygon',727009.57,6171948.11),(1931,15,'MultiPolygon',726960.86,6172120.53),(1932,15,'MultiPolygon',726930.75,6172227.11),(1933,16,'MultiPolygon',721692.85,6180804.77),(1934,16,'MultiPolygon',721704.76,6180772.14),(1935,16,'MultiPolygon',721713.64,6180757.90),(1936,16,'MultiPolygon',721738.96,6180732.20),(1937,16,'MultiPolygon',721759.95,6180710.90),(1938,16,'MultiPolygon',721762.33,6180708.18),(1939,16,'MultiPolygon',721789.50,6180672.99),(1940,16,'MultiPolygon',721792.69,6180667.86),(1941,16,'MultiPolygon',721802.26,6180648.35),(1942,16,'MultiPolygon',721802.93,6180646.88),(1943,16,'MultiPolygon',721808.91,6180632.81),(1944,16,'MultiPolygon',721810.70,6180627.02),(1945,16,'MultiPolygon',721815.32,6180604.23),(1946,16,'MultiPolygon',721825.84,6180553.74),(1947,16,'MultiPolygon',721826.45,6180548.86),(1948,16,'MultiPolygon',721827.65,6180520.15),(1949,16,'MultiPolygon',721827.67,6180519.51),(1950,16,'MultiPolygon',721829.89,6180410.29),(1951,16,'MultiPolygon',721829.88,6180408.45),(1952,16,'MultiPolygon',721827.77,6180357.21),(1953,16,'MultiPolygon',721825.92,6180347.98),(1954,16,'MultiPolygon',721821.30,6180339.79),(1955,16,'MultiPolygon',721814.37,6180333.43),(1956,16,'MultiPolygon',721805.82,6180329.53),(1957,16,'MultiPolygon',721796.47,6180328.46),(1958,16,'MultiPolygon',721787.26,6180330.35),(1959,16,'MultiPolygon',721593.64,6180403.03),(1960,16,'MultiPolygon',721591.67,6180403.85),(1961,16,'MultiPolygon',721575.62,6180411.22),(1962,16,'MultiPolygon',721556.31,6180418.59),(1963,16,'MultiPolygon',721548.06,6180423.37),(1964,16,'MultiPolygon',721541.72,6180430.50),(1965,16,'MultiPolygon',721537.94,6180439.25),(1966,16,'MultiPolygon',721537.10,6180448.75),(1967,16,'MultiPolygon',721539.28,6180458.04),(1968,16,'MultiPolygon',721544.26,6180466.17),(1969,16,'MultiPolygon',721551.47,6180474.56),(1970,16,'MultiPolygon',721553.93,6180477.10),(1971,16,'MultiPolygon',721588.11,6180508.49),(1972,16,'MultiPolygon',721599.96,6180521.18),(1973,16,'MultiPolygon',721609.57,6180536.16),(1974,16,'MultiPolygon',721611.14,6180541.69),(1975,16,'MultiPolygon',721613.92,6180551.52),(1976,16,'MultiPolygon',721613.65,6180557.74),(1977,16,'MultiPolygon',721612.99,6180563.11),(1978,16,'MultiPolygon',721611.01,6180568.75),(1979,16,'MultiPolygon',721607.54,6180574.75),(1980,16,'MultiPolygon',721601.94,6180579.95),(1981,16,'MultiPolygon',721590.13,6180588.01),(1982,16,'MultiPolygon',721574.57,6180596.96),(1983,16,'MultiPolygon',721558.61,6180606.00),(1984,16,'MultiPolygon',721558.33,6180606.16),(1985,16,'MultiPolygon',721549.97,6180611.00),(1986,16,'MultiPolygon',721544.93,6180612.79),(1987,16,'MultiPolygon',721542.27,6180612.82),(1988,16,'MultiPolygon',721540.54,6180612.28),(1989,16,'MultiPolygon',721535.42,6180608.56),(1990,16,'MultiPolygon',721521.60,6180593.49),(1991,16,'MultiPolygon',721521.30,6180593.17),(1992,16,'MultiPolygon',721499.22,6180569.77),(1993,16,'MultiPolygon',721493.71,6180565.17),(1994,16,'MultiPolygon',721485.15,6180559.63),(1995,16,'MultiPolygon',721482.07,6180557.88),(1996,16,'MultiPolygon',721473.69,6180553.76),(1997,16,'MultiPolygon',721472.60,6180553.25),(1998,16,'MultiPolygon',721454.43,6180545.21),(1999,16,'MultiPolygon',721453.07,6180544.65),(2000,16,'MultiPolygon',721433.15,6180536.98),(2001,16,'MultiPolygon',721427.95,6180535.50),(2002,16,'MultiPolygon',721413.12,6180532.69),(2003,16,'MultiPolygon',721405.40,6180532.24),(2004,16,'MultiPolygon',721397.82,6180533.78),(2005,16,'MultiPolygon',721369.79,6180543.39),(2006,16,'MultiPolygon',721366.53,6180544.72),(2007,16,'MultiPolygon',721351.85,6180551.76),(2008,16,'MultiPolygon',721345.11,6180556.21),(2009,16,'MultiPolygon',721331.59,6180568.00),(2010,16,'MultiPolygon',721328.29,6180571.37),(2011,16,'MultiPolygon',721302.03,6180602.81),(2012,16,'MultiPolygon',721299.97,6180605.58),(2013,16,'MultiPolygon',721287.37,6180624.78),(2014,16,'MultiPolygon',721286.69,6180625.86),(2015,16,'MultiPolygon',721270.94,6180652.22),(2016,16,'MultiPolygon',721270.45,6180653.06),(2017,16,'MultiPolygon',721256.29,6180678.58),(2018,16,'MultiPolygon',721255.43,6180680.25),(2019,16,'MultiPolygon',721231.23,6180731.13),(2020,16,'MultiPolygon',721230.98,6180731.68),(2021,16,'MultiPolygon',721193.84,6180813.97),(2022,16,'MultiPolygon',721191.42,6180822.59),(2023,16,'MultiPolygon',721191.64,6180831.54),(2024,16,'MultiPolygon',721194.50,6180840.03),(2025,16,'MultiPolygon',721199.74,6180847.29),(2026,16,'MultiPolygon',721206.89,6180852.69),(2027,16,'MultiPolygon',721215.31,6180855.73),(2028,16,'MultiPolygon',721621.26,6180936.86),(2029,16,'MultiPolygon',721630.05,6180937.30),(2030,16,'MultiPolygon',721638.58,6180935.18),(2031,16,'MultiPolygon',721646.13,6180930.68),(2032,16,'MultiPolygon',721652.05,6180924.17),(2033,16,'MultiPolygon',721655.83,6180916.24),(2034,16,'MultiPolygon',721664.80,6180886.95),(2035,16,'MultiPolygon',721678.59,6180846.54),(2036,16,'MultiPolygon',721692.85,6180804.77),(2037,17,'MultiPolygon',723228.40,6178124.64),(2038,17,'MultiPolygon',723221.00,6178130.39),(2039,17,'MultiPolygon',723215.73,6178138.14),(2040,17,'MultiPolygon',723213.11,6178147.14),(2041,17,'MultiPolygon',723213.39,6178156.51),(2042,17,'MultiPolygon',723216.55,6178165.33),(2043,17,'MultiPolygon',723218.91,6178169.64),(2044,17,'MultiPolygon',723228.86,6178187.81),(2045,17,'MultiPolygon',723237.43,6178203.47),(2046,17,'MultiPolygon',723237.80,6178204.11),(2047,17,'MultiPolygon',723266.64,6178253.86),(2048,17,'MultiPolygon',723266.73,6178254.00),(2049,17,'MultiPolygon',723313.59,6178333.78),(2050,17,'MultiPolygon',723320.24,6178341.62),(2051,17,'MultiPolygon',723329.14,6178346.75),(2052,17,'MultiPolygon',723339.25,6178348.58),(2053,17,'MultiPolygon',723349.39,6178346.89),(2054,17,'MultiPolygon',723358.36,6178341.88),(2055,17,'MultiPolygon',723398.23,6178309.54),(2056,17,'MultiPolygon',723415.90,6178295.20),(2057,17,'MultiPolygon',723449.77,6178272.74),(2058,17,'MultiPolygon',723507.25,6178234.62),(2059,17,'MultiPolygon',723524.91,6178224.13),(2060,17,'MultiPolygon',723553.04,6178208.01),(2061,17,'MultiPolygon',723587.41,6178188.31),(2062,17,'MultiPolygon',723595.23,6178181.85),(2063,17,'MultiPolygon',723600.45,6178173.15),(2064,17,'MultiPolygon',723602.48,6178163.21),(2065,17,'MultiPolygon',723601.07,6178153.16),(2066,17,'MultiPolygon',723596.40,6178144.16),(2067,17,'MultiPolygon',723585.60,6178129.92),(2068,17,'MultiPolygon',723579.84,6178124.15),(2069,17,'MultiPolygon',723572.74,6178120.15),(2070,17,'MultiPolygon',723542.97,6178108.36),(2071,17,'MultiPolygon',723527.57,6178102.26),(2072,17,'MultiPolygon',723506.77,6178094.02),(2073,17,'MultiPolygon',723459.98,6178075.49),(2074,17,'MultiPolygon',723450.42,6178073.42),(2075,17,'MultiPolygon',723406.24,6178071.22),(2076,17,'MultiPolygon',723370.34,6178069.43),(2077,17,'MultiPolygon',723359.80,6178070.79),(2078,17,'MultiPolygon',723356.80,6178071.74),(2079,17,'MultiPolygon',723327.90,6178080.88),(2080,17,'MultiPolygon',723283.71,6178094.86),(2081,17,'MultiPolygon',723278.28,6178097.18),(2082,17,'MultiPolygon',723272.48,6178100.37),(2083,17,'MultiPolygon',723254.26,6178110.41),(2084,17,'MultiPolygon',723228.40,6178124.64);
/*!40000 ALTER TABLE `geolocations` ENABLE KEYS */;
UNLOCK TABLES;

--
-- Table structure for table `property`
--

DROP TABLE IF EXISTS `property`;
/*!40101 SET @saved_cs_client     = @@character_set_client */;
 SET character_set_client = utf8mb4 ;
CREATE TABLE `property` (
  `id` int(11) NOT NULL,
  `byomraade` varchar(50) DEFAULT NULL,
  `delomraade` varchar(50) DEFAULT NULL,
  `m2` int(11) DEFAULT NULL,
  PRIMARY KEY (`id`)
) ENGINE=InnoDB DEFAULT CHARSET=utf8mb4 COLLATE=utf8mb4_0900_ai_ci;
/*!40101 SET character_set_client = @saved_cs_client */;

--
-- Dumping data for table `property`
--

LOCK TABLES `property` WRITE;
/*!40000 ALTER TABLE `property` DISABLE KEYS */;
INSERT INTO `property` VALUES (1,'Tingbjerg/Husum','Tingbjerg/Husum',2220902),(2,'Nordvest/Ryparken','Ved Bispebjerg Parkall',163894),(3,'Nordvest/Ryparken','Ryparken',1138501),(4,'Nordvest/Ryparken','Nordvest',2646448),(5,'Nrrebro','Ydre Nrrebro',983531),(6,'Nrrebro','Ved Bispeengbuen',203427),(7,'Valby/Sydhavnen','Ved Valby Langgade',203724),(8,'Valby/Sydhavnen','Ved Kulbanevej',522874),(9,'Valby/Sydhavnen','Sydhavnen',2553556),(10,'Amager/Sundby','Urbanplanen mv.',1059379),(11,'Nrrebro','Ved Jagtvej',125397),(12,'Nrrebro','Indre Nrrebro',415285),(13,'Valby/Sydhavnen','Ved Folehaven',563796),(14,'Amager/Sundby','Ved Frankrigsgade',87578),(15,'Amager/Sundby','Ved Gyldenrisvej',292211),(16,'Nordvest/Ryparken','Ved Bispebjerg Parkall',218321),(17,'Nrrebro','Ved Jagtvej',65920);
/*!40000 ALTER TABLE `property` ENABLE KEYS */;
UNLOCK TABLES;

--
-- Table structure for table `treeProperties`
--

DROP TABLE IF EXISTS `treeProperties`;
/*!40101 SET @saved_cs_client     = @@character_set_client */;
 SET character_set_client = utf8mb4 ;
CREATE TABLE `treeProperties` (
  `id` int(11) NOT NULL,
  `traeart` varchar(200) DEFAULT NULL,
  `slaegt` varchar(200) DEFAULT NULL,
  `dansk_navn` varchar(200) DEFAULT NULL,
  `slaegtsnavn` varchar(200) DEFAULT NULL,
  `planteaar` int(11) DEFAULT NULL,
  `plantet_halvaar` varchar(200) DEFAULT NULL,
  `garantiperioden_udloeber` varchar(200) DEFAULT NULL,
  `plantemetode` varchar(200) DEFAULT NULL,
  `ejer` varchar(200) DEFAULT NULL,
  `driftsorganisation` varchar(200) DEFAULT NULL,
  `driftsplan_navn` varchar(200) DEFAULT NULL,
  `driftsaftale_edoc_nr` varchar(200) DEFAULT NULL,
  `bemaerkning` varchar(1000) DEFAULT NULL,
  `andre_vaekstforhold` varchar(1000) DEFAULT NULL,
  `fredet_beskyttet_trae` varchar(200) DEFAULT NULL,
  `fredning_edoc_nr` varchar(200) DEFAULT NULL,
  `trae_historie` varchar(200) DEFAULT NULL,
  `botanisk_interesse` varchar(200) DEFAULT NULL,
  `donor` varchar(200) DEFAULT NULL,
  `anledning` varchar(200) DEFAULT NULL,
  `saerligt_trae` varchar(200) DEFAULT NULL,
  `saerlig_trae_bem` varchar(1000) DEFAULT NULL,
  `bydelsnavn` varchar(200) DEFAULT NULL,
  `fredet_trae_foto` varchar(200) DEFAULT NULL,
  `vejstatus` int(11) DEFAULT NULL
) ENGINE=InnoDB DEFAULT CHARSET=utf8mb4 COLLATE=utf8mb4_0900_ai_ci;
/*!40101 SET character_set_client = @saved_cs_client */;

--
-- Dumping data for table `treeProperties`
--

LOCK TABLES `treeProperties` WRITE;
/*!40000 ALTER TABLE `treeProperties` DISABLE KEYS */;
INSERT INTO `treeProperties` VALUES (8122,'Tilia europaea','Tilia sp.','Park-Lind','Lind',1961,'Ikke registreret','Ikke registreret','Muld','TMF','Privat','Gadetrer Indre by','Sagsnr: 2012-175912 Jarmers Plads 2','Driftes af Realkredit Danmark, se e-docaftale - ejes af TMF','null','Ikke registreret','null','Ikke registreret','Ikke registreret','null','null','nej','null','Indre By','null',2),(20249,'Fraxinus sp.','Fraxinus sp.','Ask','Ask',2005,'Ikke registreret','Ikke registreret','Muld','TMF','TMF-Byens Drift','Gadetrer Amager Vest','null','null','null','Ikke registreret','null','Ikke registreret','Ikke registreret','null','null','nej','null','Amager Vest','null',2),(12740,'Tilia platyphyllos ','Tilia sp.','Storbladet lind','Lind',1954,'Ikke registreret','Ikke registreret','Muld','TMF','TMF-Byens Drift','Gadetrer Indre by','null','null','null','Ikke registreret','null','Ikke registreret','Ikke registreret','null','null','nej','null','Indre By','null',2),(56349,'Tilia hybr. europaea \"Pallida\" ','Tilia sp.','Kejserlind','Lind',2013,'Frste halvr','Ikke registreret','Muld','TMF','TMF-Byens Drift','Gadetrer Indre by','null','null','null','Ikke registreret','null','Ikke registreret','Ikke registreret','null','null','nej','null','Indre By','null',2),(14385,'Tilia europaea','Tilia sp.','Park-Lind','Lind',1980,'Ikke registreret','Ikke registreret','Muld','TMF','TMF-Byens Drift','Gadetrer Indre by','null','null','null','Ikke registreret','null','Ikke registreret','Ikke registreret','null','null','nej','null','Indre By','null',2),(14417,'Tilia europaea','Tilia sp.','Park-Lind','Lind',1980,'Ikke registreret','Ikke registreret','Muld','TMF','TMF-Byens Drift','Gadetrer Indre by','null','null','null','Ikke registreret','null','Ikke registreret','Ikke registreret','null','null','nej','null','Indre By','null',2),(14469,'Tilia europaea','Tilia sp.','Park-Lind','Lind',1980,'Ikke registreret','Ikke registreret','Muld','TMF','TMF-Byens Drift','Gadetrer Indre by','null','null','null','Ikke registreret','null','Ikke registreret','Ikke registreret','null','null','nej','null','Indre By','null',2),(3343,'Tilia cordata ','Tilia sp.','Smbladet lind','Lind',1965,'Ikke registreret','Ikke registreret','Muld','TMF','Udliciteret til K&S TreeCare','Gadetrer Vanlse','null','null','null','Ikke registreret','null','Ikke registreret','Ikke registreret','null','null','nej','null','Vanlse','null',2),(12509,'Ulmus sp.','Ulmus sp.','Elm','Elm',2013,'Frste halvr','Ikke registreret','Muld','TMF','TMF-Byens Drift','Gadetrer Amager Vest','null',' ','null','Ikke registreret','null','Ikke registreret','Ikke registreret','null','null','nej','null','Amager Vest','null',2),(14658,'Platanus hybr. acerifolia ','Platanus sp.','Platan','Platan',1997,'Ikke registreret','Ikke registreret','Muld','TMF','TMF-Byens Drift','Gadetrer Indre by','null','null','null','Ikke registreret','null','Ikke registreret','Ikke registreret','null','null','nej','null','Indre By','null',2),(14643,'Tilia cordata ','Tilia sp.','Smbladet lind','Lind',1977,'Ikke registreret','Ikke registreret','Muld','TMF','TMF-Byens Drift','Gadetrer Indre by','null','null','null','Ikke registreret','null','Ikke registreret','Ikke registreret','null','null','nej','null','Indre By','null',2),(14657,'Tilia cordata ','Tilia sp.','Smbladet lind','Lind',1977,'Ikke registreret','Ikke registreret','Muld','TMF','TMF-Byens Drift','Gadetrer Indre by','null','null','null','Ikke registreret','null','Ikke registreret','Ikke registreret','null','null','nej','null','Indre By','null',2),(14665,'Tilia cordata ','Tilia sp.','Smbladet lind','Lind',1977,'Ikke registreret','Ikke registreret','Muld','TMF','TMF-Byens Drift','Gadetrer Indre by','null','null','null','Ikke registreret','null','Ikke registreret','Ikke registreret','null','null','nej','null','Indre By','null',2),(14666,'Tilia cordata ','Tilia sp.','Smbladet lind','Lind',1977,'Ikke registreret','Ikke registreret','Muld','TMF','TMF-Byens Drift','Gadetrer Indre by','null','null','null','Ikke registreret','null','Ikke registreret','Ikke registreret','null','null','nej','null','Indre By','null',2),(3635,'Tilia europaea','Tilia sp.','Park-Lind','Lind',1977,'Ikke registreret','Ikke registreret','Muld','TMF','TMF-Byens Drift','Gadetrer Bispebjerg','null','null','null','Ikke registreret','null','Ikke registreret','Ikke registreret','null','null','nej','null','Bispebjerg','null',2),(14357,'Tilia europaea','Tilia sp.','Park-Lind','Lind',1980,'Ikke registreret','Ikke registreret','Muld','TMF','TMF-Byens Drift','Gadetrer Indre by','null','null','null','Ikke registreret','null','Ikke registreret','Ikke registreret','null','null','nej','null','Indre By','null',2),(14359,'Tilia europaea','Tilia sp.','Park-Lind','Lind',1980,'Ikke registreret','Ikke registreret','Muld','TMF','TMF-Byens Drift','Gadetrer Indre by','null','null','null','Ikke registreret','null','Ikke registreret','Ikke registreret','null','null','nej','null','Indre By','null',2),(14563,'Tilia hybr. europaea \"Pallida\" ','Tilia sp.','Kejserlind','Lind',1995,'Ikke registreret','Ikke registreret','Muld','TMF','TMF-Byens Drift','Gadetrer Indre by','null','null','null','Ikke registreret','null','Ikke registreret','Ikke registreret','null','null','nej','null','Indre By','null',2),(4130,'Robinia pseudoacacia \"Bessoniana\"','Robinia sp.','Almindelig robinie','Robinie',1980,'Ikke registreret','Ikke registreret','Muld','TMF','TMF-Byens Drift','Gadetrer Nrrebro','null','null','null','Ikke registreret','null','Ikke registreret','Ikke registreret','null','null','nej','null','Nrrebro','null',2),(12533,'Quercus rubra ','Quercus sp.','Rdeg','Eg',1992,'Ikke registreret','Ikke registreret','Muld','TMF','TMF-Byens Drift','Gadetrer Amager Vest','null','null','null','Ikke registreret','null','Ikke registreret','Ikke registreret','null','null','nej','null','Indre By','null',2),(12537,'Quercus rubra ','Quercus sp.','Rdeg','Eg',1992,'Ikke registreret','Ikke registreret','Muld','TMF','TMF-Byens Drift','Gadetrer Amager Vest','null','null','null','Ikke registreret','null','Ikke registreret','Ikke registreret','null','null','nej','null','Indre By','null',2),(12538,'Quercus rubra ','Quercus sp.','Rdeg','Eg',2001,'Ikke registreret','Ikke registreret','Muld','TMF','TMF-Byens Drift','Gadetrer Amager Vest','null','null','null','Ikke registreret','null','Ikke registreret','Ikke registreret','null','null','nej','null','Indre By','null',2),(12678,'Quercus rubra ','Quercus sp.','Rdeg','Eg',1988,'Ikke registreret','Ikke registreret','Muld','TMF','TMF-Byens Drift','Gadetrer Amager Vest','null','null','null','Ikke registreret','null','Ikke registreret','Ikke registreret','null','null','nej','null','Indre By','null',2),(23969,'Platanus hybr. acerifolia ','Platanus sp.','Platan','Platan',2009,'Ikke registreret','Ikke registreret','Muld / Gartnermacadam','TMF','Udliciteret til K&S TreeCare','Gadetrer Vanlse','null','null','null','Ikke registreret','null','Ikke registreret','Ikke registreret','null','null','nej','null','Vanlse','null',2),(663,'Fraxinus excelsior ','Fraxinus sp.','Almindelig ask','Ask',1970,'Ikke registreret','Ikke registreret','Muld','TMF','Udliciteret til K&S TreeCare','Gadetrer Vanlse','null','null','null','Ikke registreret','null','Ikke registreret','Ikke registreret','null','null','nej','null','Vanlse','null',2),(4021,'Populus nigra \"Italica\" ','Populus sp.','Sjleformet sortpoppel','Poppel',2000,'Ikke registreret','Ikke registreret','Muld','TMF','TMF-Byens Drift','Gadetrer Nrrebro','null','null','null','Ikke registreret','null','Ikke registreret','Ikke registreret','null','null','nej','null','Nrrebro','null',2),(79797,'Sorbus aucuparia ','Sorbus sp.','Almindelig rn','Rn',2005,'Ikke registreret','Ikke registreret','Muld','TMF','TMF-Byens Drift','Gadetrer Nrrebro','null','Overtaget fra privat fllesvej 1. januar 2017','null','Ikke registreret','null','Ikke registreret','Ikke registreret','null','null','nej','null','Nrrebro','null',2),(3726,'Platanus hybr. acerifolia ','Platanus sp.','Platan','Platan',1942,'Ikke registreret','Ikke registreret','Muld','TMF','TMF-Byens Drift','Gadetrer Bispebjerg','null',' ','null','Ikke registreret','null','Ikke registreret','Ikke registreret','null','null','nej','null','Bispebjerg','null',2),(12893,'Tilia hybr. europaea \"Pallida\" ','Tilia sp.','Kejserlind','Lind',2001,'Ikke registreret','Ikke registreret','Muld / Rodgrus','TMF','TMF-Byens Drift','Gadetrer Indre by','null','Christianshavns kanal var oprindeligt bent vand sm holme, men i 1600-tallet begyndte udbygningen af havnen p Amager siden. Slotsholms kanalen og Brsgraven var oprindeligt vandarealer, men blev indsnvret med udbygningen af Slotsholmen. ','Europisk Lind anses for en naturlig hybrid mellem storbladet og smbladet lind, der er naturligt opstet i Centraleuropa og senere indfrt i Danmark. Disse trer har en hjde p ca. 14 m, en stamme diameter p ca. 0,15 m og en krone diameter p ca.6 m.','Fredet tr','2009-133813-3','Ikke registreret','Ikke registreret','null','null','nej','Christianshavnskanal og kanalerne omkring slotsholmen blev fredet i 1966 efter naturfredningslovgivningen.\r\nTrerne langs de fredede kanaler er undergivet naturfredning, dog sledes at fjernelse af gartneriske grunde eller af hensyn til bolvrkernes vedligeholdelse eller fornyelse kan foretages, nr passende ny beplantning etableres.\r\nTrerne str som lige rkker langs kanalerne og den dominerende art er lind, men vi finder ogs platan, robinie og kastanje.\r\n','Indre By','http://data.kk.dk/storage/f/2014-10-13T06%3A56%3A42.867Z/b-407.jpg',2),(14534,'Acer platanoides ','Acer sp.','Spidsln','Ln',1972,'Ikke registreret','Ikke registreret','Muld','TMF','TMF-Byens Drift','Gadetrer Indre by','null','null','null','Ikke registreret','null','Ikke registreret','Ikke registreret','null','null','nej','null','Indre By','null',2),(14536,'Acer platanoides ','Acer sp.','Spidsln','Ln',1972,'Ikke registreret','Ikke registreret','Muld','TMF','TMF-Byens Drift','Gadetrer Indre by','null','null','null','Ikke registreret','null','Ikke registreret','Ikke registreret','null','null','nej','null','Indre By','null',2),(14535,'Acer platanoides ','Acer sp.','Spidsln','Ln',1972,'Ikke registreret','Ikke registreret','Muld','TMF','TMF-Byens Drift','Gadetrer Indre by','null','null','null','Ikke registreret','null','Ikke registreret','Ikke registreret','null','null','nej','null','Indre By','null',2),(56210,'Prunus avium \"Plena\" ','Prunus sp.','Fyldtblomstret fuglekirsebr','Kirsebr/Blomme',2012,'Andet halvr','Juni 2015','Muld / Gartnermacadam','TMF','TMF-Byens Drift','Gadetrer Indre by','null','null','null','Ikke registreret','null','Ikke registreret','Ikke registreret','null','null','nej','null','Indre By','null',2),(19436,'Sorbus intermedia ','Sorbus sp.','Seljern','Rn',1977,'Ikke registreret','Ikke registreret','Muld','TMF','Udliciteret til OKNygaard','Gadetrer sterbro','null',' ','null','Ikke registreret','null','Ikke registreret','Ikke registreret','null','null','nej','null','sterbro','null',2),(11932,'Tilia euchlora','Tilia sp.','Krimlind','Lind',1912,'Ikke registreret','Ikke registreret','Muld','TMF','Udliciteret til OKNygaard','Gadetrer sterbro','null','null','null','Ikke registreret','null','Ikke registreret','Ikke registreret','null','null','nej','null','sterbro','null',0),(25233,'Tilia hybr. europaea \"Pallida\" ','Tilia sp.','Kejserlind','Lind',1998,'Ikke registreret','Ikke registreret','Muld','TMF','TMF-Byens Drift','Gadetrer Indre by','null','null','null','Ikke registreret','null','Ikke registreret','Ikke registreret','null','null','nej','null','Indre By','null',2),(25240,'Tilia hybr. europaea \"Pallida\" ','Tilia sp.','Kejserlind','Lind',1998,'Ikke registreret','Ikke registreret','Muld','TMF','TMF-Byens Drift','Gadetrer Indre by','null','null','null','Ikke registreret','null','Ikke registreret','Ikke registreret','null','null','nej','null','Indre By','null',2),(81847,'Sorbus intermedia ','Sorbus sp.','Seljern','Rn',2005,'Ikke registreret','Ikke registreret','Muld','TMF','Udliciteret til K&S TreeCare','Gadetrer Valby','null','Overtaget fra privat fllesvej 1. januar 2017','null','Ikke registreret','null','Ikke registreret','Ikke registreret','null','null','nej','null','Valby','null',2),(12478,'Tilia europaea','Tilia sp.','Park-Lind','Lind',1900,'Ikke registreret','Ikke registreret','Muld','TMF','Udliciteret til OKNygaard','Gadetrer sterbro','null','null','null','Ikke registreret','null','Ikke registreret','Ikke registreret','null','null','nej','null','sterbro','null',2),(18756,'Fraxinus excelsior \"Westhof\"s Glorie\" ','Fraxinus sp.','Almindelig ask','Ask',2005,'Ikke registreret','Ikke registreret','Superplantekumme','TMF','Udliciteret til K&S TreeCare','Gadetrer Vanlse','null','null','null','Ikke registreret','null','Ikke registreret','Ikke registreret','null','null','nej','null','Vanlse','null',2),(661,'Fraxinus excelsior ','Fraxinus sp.','Almindelig ask','Ask',1970,'Ikke registreret','Ikke registreret','Muld','TMF','Udliciteret til K&S TreeCare','Gadetrer Vanlse','null','null','null','Ikke registreret','null','Ikke registreret','Ikke registreret','null','null','nej','null','Vanlse','null',2),(11871,'Tilia euchlora','Tilia sp.','Krimlind','Lind',1974,'Ikke registreret','Ikke registreret','Muld','TMF','Udliciteret til OKNygaard','Gadetrer sterbro','null','null','null','Ikke registreret','null','Ikke registreret','Ikke registreret','null','null','nej','null','sterbro','null',2),(20310,'Robinia pseudoacacia \"Nyirsegi\"','Robinia sp.','Almindelig robinie','Robinie',2007,'Ikke registreret','Ikke registreret','Muld','TMF','Udliciteret til K&S TreeCare','Gadetrer Vanlse','null','Underbeplantning af Rosa \"White Cover\"','null','Ikke registreret','null','Ikke registreret','Ikke registreret','null','null','nej','null','Vanlse','null',2),(3787,'Robinia pseudoacacia \"Nyirsegi\"','Robinia sp.','Almindelig robinie','Robinie',2005,'Ikke registreret','Ikke registreret','Muld','TMF','TMF-Byens Drift','Gadetrer Bispebjerg','null','null','null','Ikke registreret','null','Ikke registreret','Ikke registreret','null','null','nej','null','Bispebjerg','null',2),(14752,'Quercus rubra ','Quercus sp.','Rdeg','Eg',2000,'Ikke registreret','Ikke registreret','Muld','TMF','TMF-Byens Drift','Gadetrer Indre by','null','null','null','Ikke registreret','null','Ikke registreret','Ikke registreret','null','null','nej','null','Indre By','null',2),(2715,'Betula pubescens','Betula sp.','Dunbirk','Birk',1960,'Ikke registreret','Ikke registreret','Muld','TMF','TMF-Byens Drift','Gadetrer Nrrebro','null','null','null','Ikke registreret','null','Ikke registreret','Ikke registreret','null','null','nej','null','Nrrebro','null',2),(28,'Fraxinus excelsior ','Fraxinus sp.','Almindelig ask','Ask',1991,'Ikke registreret','Ikke registreret','Muld','TMF','Udliciteret til K&S TreeCare','Gadetrer Valby','null','null','null','Ikke registreret','null','Ikke registreret','Ikke registreret','null','null','nej','null','Valby','null',2),(29,'Fraxinus excelsior ','Fraxinus sp.','Almindelig ask','Ask',1942,'Ikke registreret','Ikke registreret','Muld','TMF','Udliciteret til K&S TreeCare','Gadetrer Valby','null','null','null','Ikke registreret','null','Ikke registreret','Ikke registreret','null','null','nej','null','Valby','null',2),(7012,'Tilia europaea','Tilia sp.','Park-Lind','Lind',1981,'Ikke registreret','Ikke registreret','Muld','TMF','TMF-Byens Drift','Gadetrer Nrrebro','null','null','null','Ikke registreret','null','Ikke registreret','Ikke registreret','null','null','nej','null','Nrrebro','null',2),(34,'Fraxinus excelsior ','Fraxinus sp.','Almindelig ask','Ask',2000,'Ikke registreret','Ikke registreret','Muld','TMF','Udliciteret til K&S TreeCare','Gadetrer Valby','null','null','null','Ikke registreret','null','Ikke registreret','Ikke registreret','null','null','nej','null','Valby','null',2);
/*!40000 ALTER TABLE `treeProperties` ENABLE KEYS */;
UNLOCK TABLES;
/*!40103 SET TIME_ZONE=@OLD_TIME_ZONE */;

/*!40101 SET SQL_MODE=@OLD_SQL_MODE */;
/*!40014 SET FOREIGN_KEY_CHECKS=@OLD_FOREIGN_KEY_CHECKS */;
/*!40014 SET UNIQUE_CHECKS=@OLD_UNIQUE_CHECKS */;
/*!40101 SET CHARACTER_SET_CLIENT=@OLD_CHARACTER_SET_CLIENT */;
/*!40101 SET CHARACTER_SET_RESULTS=@OLD_CHARACTER_SET_RESULTS */;
/*!40101 SET COLLATION_CONNECTION=@OLD_COLLATION_CONNECTION */;
/*!40111 SET SQL_NOTES=@OLD_SQL_NOTES */;

-- Dump completed on 2019-04-07 20:11:44
